document_id,clean_text,sentiment
1,era burgeon electr vehicl ev popular understand pattern ev user behavior imper paper examin trend household charg session time durat energi consumpt analyz realworld residenti charg data leverag inform collect session novel framework introduc effici realtim predict import charg characterist util histor data userspecif featur machin learn model train predict connect durat charg durat charg demand time next session model enhanc understand ev user behavior provid practic tool optim ev charg infrastructur effect manag charg demand transport sector becom increasingli electrifi work aim empow stakehold insight reliabl model enabl anticip local demand contribut sustain integr electr vehicl grid,Energy_Systems
2,background medit app surg popular recent year increas number individu turn app cope stress includ covid pandem medit app commonli use mental health app depress anxieti howev littl known well suit app object studi aim develop test datadriven algorithm predict individu like benefit appbas medit train method use random control trial data compar week medit app healthi mind program hmp assessmentonli control condit school system employe n develop algorithm predict like benefit hmp baselin clinic demograph characterist submit machin learn model develop person advantag index pai reflect individu expect reduct distress primari outcom hmp versu control result signific group pai interact emerg p indic pai score moder group differ outcom regress model includ repetit neg think sole baselin predictor perform compar well final demonstr translat predict model person recommend expect benefit conclus overal result reveal potenti datadriven algorithm inform individu like benefit medit app algorithm could use object commun expect benefit individu allow make inform decis whether medit app appropri trial registr clinicaltrialsgov nct httpsclinicaltrialsgovctshownct,Energy_Systems
3,background human must abl cope huge amount inform produc inform technolog revolut result automat text summar employ rang industri assist individu identifi import inform text summar two approach mainli consid text summar extract abstract method extract summaris approach select chunk sentenc like sourc document abstract approach gener summari base mine keyword lowresourc languag eg urdu extract summar use variou model algorithm howev studi abstract summar urdu still challeng task mani literari work urdu produc abstract summari demand extens research methodolog articl propos deep learn model urdu languag use urdu million news dataset compar perform two wide use method base machin learn support vector machin svm logist regress lr result show suggest deep learn model perform better two approach summari produc extract summari process use encoderdecod paradigm creat abstract summari result help urdu languag specialist systemgener summari valid show propos model improv accuraci,Energy_Systems
4,grow number cloudbas servic led rise threat distribut denial servic ddo attack attack caus signific harm busi organ overwhelm network resourc result unavail critic servic tradit defens mechan firewal system becom insuffici cope scale complex ddo attack research propos new machin learn approach base ensembl learn detect ddo attack cloud environ propos method util variou featur extract network traffic train machin learn algorithm propos solut expect effect detect ddo attack realtim high accuraci,Machine_Learning
5,diffus gener model class machin learn techniqu shown remark promis materi scienc chemistri enabl precis gener complex molecular structur articl propos novel applic diffus gener model stabil reactiv molecular structur identifi quantum mechan screen specif focu design challeng present singlet fission sf phenomenon crucial advanc solar cell effici beyond theoret limit theoret chemistri success predict intermolecular arrang enhanc sf coupl practic implement configur face challeng due discrep favor stabil structur address gap introduc threestep strategi combin quantum mechan screen identifi optim molecular arrang diffus gener model predict stabil linker case studi cibalackrot dimer promis sf materi demonstr efficaci approach enhanc sf effici stabil desir molecular arrang,Machine_Learning
6,tradit machin learn model cannot effect identifi new network traffic data set result model failur therefor paper analyz problem current network intrus detect nid combin applic transfer theori detect model nid model base transfer compon analysi tca propos among specif mathemat deriv algorithm detect process transfer model introduc detail classif perform knn svm base tca algorithm network abnorm traffic compar result show tca algorithm propos paper effect improv accuraci nid meaning expand applic scope network abnorm traffic detect scheme base machin learn,Machine_Learning
7,tropic subtrop area malaria stand profound public health challeng caus estim million case worldwid annual given absenc viabl vaccin time effect treatment malaria remain critic prioriti howev grow resist parasit current util drug underscor critic need identif new antimalari therapi aim identifi potenti new drug candid plasmodium falciparum main caus agent malaria analyz transcriptom differ life stage parasit identifi highli express gene search gene express stage parasit life cycl includ asexu blood stage gametocyt stage liver stage sexual stage insect vector use transcriptom data publicli avail databas analysi found overlap gene includ essenti one search drug target databas discov potenti drug target associ bioactiv compound sought expand analysi similar compound known drug found list similar compound predict activ inact use previous develop machin learn model five life stage plasmodium spp analysi two compound select reaction experiment evalu compound hsp silvestrol aglycon show potent inhibitori activ nanomolar concentr p falciparum strain asexu blood stage moreov silvestrol aglycon exhibit low cytotox mammalian cell transmissionblock potenti inhibitori activ compar establish antimalari find warrant investig silvestrol aglycon potenti dualact antimalari transmissionblock candid malaria control,Energy_Systems
8,artifici intellig ai evolv comput tool transform forc reshap everi branch engin review paper explor depth breadth ai integr across major engin disciplinesinclud mechan electr electron comput scienc civil chemic aerospac biomed industri engin analys recent advanc machin learn deep learn comput vision natur languag process intellig autom paper highlight ai enhanc design optim predict mainten smart manufactur structur health monitor energi manag autonom system process control humanmachin collabor studi also examin domainspecif applic digit twin industri aidriven materi discoveri intellig transport person healthcar system sustain infrastructur develop furthermor paper discus emerg challeng involv data qualiti interoper ethic need interdisciplinari skill develop comprehens review demonstr ai mere addon technolog foundat enabl drive innov effici intellig decisionmak across engin field shape futur global technolog advanc,Energy_Systems
9,recognit student behaviour class base video signific impact teacher qualiti student attent previous student behaviour recognit focus singl student low perform effici studi propos system detect student behaviour attent classroom use comput vision machin learn techniqu use webcam captur video student analys facial express eye movement determin whether pay attent also detect emot student final output propos system detect differ kind student behaviour classroom attent class drowsi emot student final provid rate staff,Energy_Systems
10,histor much machin learn research focus perform algorithm alon recent attent focus optim joint humanalgorithm perform analyz specif type humanalgorithm collabor algorithm access set n item present subset size k human select final item among k scenario could model content recommend rout plan type label task human algorithm imperfect noisi inform true order item key question valu k maxim probabl best item ultim select k perform optim algorithm act alon kn optim human act alon surprisingli show multipl nois model optim set k n strict benefit collabor even human algorithm equal accuraci separ demonstr theoret mallow model experiment random util model noisi permut howev show pattern revers human anchor algorithm present order joint system alway strictli wors perform extend result case human algorithm differ accuraci level show alway exist regim accur agent would strictli benefit collabor less accur one regim asymmetr human algorithm accuraci,Energy_Systems
11,everywher across globe bank increasingli view artifici intellig revolutionari forc like transform fraud detect custom servic autom target financi advisori servic risk manag oper even huge invest ai technolog mani bank organ face great challeng deploy machin learn system scale product environ main constraint often aris algorithm constraint lack data scienc talent substandard technolog infrastructur unabl accommod scale modern ai workload legaci bank platform built mani year ago run batchprocess architectur inher incompat realtim data stream demand necessari today machin learn use case mainfram environ use inflex data schema cannot support heterogen unstructur data sourc requir train advanc neural network limit age hardwar constrain comput intric algorithm enterpris level data fragment within department silo hinder access undermin model precis predict power infrastructur modern unavoid requir effect implement ai involv adopt cloud comput comput elast container technolog standard deploy across environ singl unifi data platform tie togeth dissimilar inform sourc complianceawar architectur meet stringent regulatori requir bank organ requir address systemat infrastructur constraint indepth transform program combin technic upgrad organiz chang manag skill develop initi crossfunct collabor model consciou infrastructur develop financi servic compani releas full transform power artifici intellig realiz endur competit gain ever digit bank environ,Energy_Systems
12,commun practic oper develop share formal concept togeth collect meaningmak therebi enabl commun member work togeth effect context wikipedia concept includ articl qualiti vandal subject aspect collect work ai machin learn proven power tool facilit collabor scale model appli share concept examin meaningmak parallel align ai behavior describ case studi model qualiti articl dutch wikipedia use ai model engag meaningmak process dutch wikipedian case blur line social govern mean reshap ai model base case studi present collect mean cycl framework describ bidirect relationship model meaningmak also provid implic practic participatori ai design,Energy_Systems
13,use data driven autom new gain lot attent recent widespread understand solut problem term fair nonbia classif differ law area artifici intellig becam magic word howev use histor data tricki job quit easili propag discrimin effici way thu work aim analys data legal proceed look evid relat occurr bia judg decisionmak process consid mainli gender social condit convict supervis unsupervis machin learn techniqu preced data analysi process procedur use explain find explicit data behaviour result point fragil techniqu identifi bias suggest need improv data preprocess search robust classif techniqu,Energy_Systems
14,end world health organ refer public health commiss hubei provinc china report case sever unknown pneumonia new coronaviru sarscov identifi respons lung infect call covid coronaviru diseas earli diagnosi carri viru becom crucial contain spread morbid mortal pandem definit diagnosi made specif test among imag test play import role achiev goal cannot separ radiolog examin chest xray easili avail least expens altern use xray chest radiograph element assist diagnosi allow follow diseas subject mani public adopt machin learn approach work focus adopt convolut neural network techniqu appli chest xray imag,Energy_Systems
15,last decad deep learn algorithm becom popular thank achiev perform mani machin learn comput vision task howev deep learn architectur vulner call adversari exampl question secur deep neural network dnn mani secur trustsensit domain major propos exist adversari attack base differenti dnn cost functiondef strategi mostli base machin learn signal process principl either tri detectreject filter adversari perturb complet neglect classic cryptograph compon defenc work propos new defenc mechan base second kerckhoffss cryptograph principl state defenc classif algorithm suppos known key compliant assumpt attack access secret key primarili focu graybox scenario address whitebox one particularli assum attack direct access secret block complet know system architectur b access data use train test c observ output classifi given input show empir system effici famou stateoftheart attack blackbox graybox scenario,Energy_Systems
16,biomateri develop creat materi desir properti timeconsum resourceintens process often reli serendipit discoveri potenti rout acceler process employ artifici intellig methodolog machin learn ml herein possibl predict antiinflammatori properti polym use simplifi model inflamm restrain dataset explor cellular assay differ polym conduct use murin macrophag cell line raw model experi gener dataset use develop ml model base bayesian logist regress conduct bayesian logist regress analysi two ml model knearest neighbor knn naïv bay employ predict antiinflammatori polym properti studi find probabl polym antiinflammatori properti multipli three polyc nitric oxid secret good indic determin antiinflammatori properti polym work defin tumor necrosi factor alpha express decreas overal studi suggest appropri dataset design ml techniqu provid valuabl inform function polym properti enabl faster effici biomateri develop,Energy_Systems
17,existem diversa problemática atualment que influenciam dia dia ser humano dentro da sociedad principai e mai grave se referem mudança climática e desastr naturai que fogem control e acabam causando dano que demoram um longo período para se normalizar problema de queimada brasil é recorrent devido à localização geográfica paí porém em cenário se agrav e foram queimado mai de milhõ de hectar milhõ de hectar mai que fazendo com que sociedad voltass sua atençõ para est problema gerando discussõ em prol de melhoria atravé da tecnologia é possível prever e reduzir um possível agravamento de situaçõ que podem ter um potenci muito grand de devastação e com est trabalho além de discutir problema será possível visualizar uso de inteligência artifici voltado para est cenário tão important paí atravé aprendizado de máquina é possível identificar foco de queimada em foto fazendo com que monitoramento seja aprimorado e que ocorra alarm para uma situação que pode ser evitada ao final trabalho leitor estará por dentro cenário atual de queimada paí e também entenderá diferent forma de se aplicar aprendizado de máquina especialment cenário de identificação de imagen utilizando yolo,Energy_Systems
18,nowaday mani platform provid open educ resourc learner must brow explor sever suggest content better assimil cours facilit select task resourc present paper propos intellig tutor system access teach content avail web automat offer learner addit inform sourc author highlight descript logic approach knowledg represent strength underwrit modul infer queri web ontolog languag enhanc tradit tutor system architectur use ontolog descript logic enabl access variou data sourc web final articl conclud combin machin learn semant web provid support studi environ enhanc school condit within open distanc learn,Energy_Systems
19,background glioma common primari malign brain tumor glioblastoma gbm aggress subtyp gbm character high recurr rate treatment resist lead poor patient outcom current prognost model limit predict power underscor need elucid underli mechan identifi novel biomark improv therapeut strategi prognost model method gene express clinic data gbm lgg obtain tcga cgga databas singlecel sequenc data gse select geo databas molecular characterist glioma reveal normal consensu cluster analysi immun score cell infiltr analysi pathway analysi tubab identifi key gene machin learn incorpor nomogram model use multivari cox regress function valid qrtpcr vitro function assay mous xenograft model data analys statist perform use r softwar result consensu cluster tcga glioma dataset identifi two aggrephagi subtyp c c c show wors surviv outcom higher immun infiltr tubab identifi independ prognost marker high express associ upregul cell cycl pathway alter immun microenviron tubab shown influenc glioma cell prolifer migrat invas autophagi impact tumor progress treatment respons intercellular commun metabol pathway conclus studi demonstr high tubab express close associ glioma malign poor prognosi make potenti therapeut target,Energy_Systems
20,abstract background telemedicin one major chang clinician encount past decad particular covid pandem televisit rapidli implement guarante patient assist intent health care provid hcp continu use beyond pandem aim nation survey evalu current usag telemedicin ibd patient perspect investig patient impress telemedicin factor affect machin learn ml analysi method march italian ibd patient associ amici onlu distribut member mail list social medium platform anonym onlin questionnair investig use telemedicin sociodemograph ibd characterist collect usag patient satisfact trust telemedicin assess likert scale ml tool decis tree dt random forest rf appli identifi determin patient percept telemedicin produc rf rank display two indic incms incnodepur result nine hundr seventyeight ibd patient woman everi italian region complet questionnair among respond person telemedicin experi report centr perform telemedicin servic covid pandem televisit email phonecal dedic websit other overal would trust telemedicin servic would like also anoth hcp eg nutritionist psychologist would like use telemedicin futur answer specif question state thought use possibl use telemedicin would like centr offer facil consid last question output dt variabl found influenc patient willing patient percept use telemedicin treat diseas sinc repres root tree explain result rf rank confirm variabl influenc patient percept highest level incms incnodepurityfigur conclus practic telemedicin manag ibd patient relev throughout itali far less four everi five respond would like use telemedicin machin learn analysi show perceiv use telemedicin servic key point patient would like part usual clinic practic,Energy_Systems
21,purpos studi aim investig perform multiparametr magnet reson imag mpmri radiom featurebas machin learn ml model classifi gleason grade group gg prostat cancer method retrospect studi total patient histopatholog confirm prostat cancer underw mpmri prostat biopsi includ manual segment radiom featur rf extract tweight appar diffus coeffici high bvalu diffusionweight magnet reson imag dwmri patient split train set test set accord ratio pipelin consid combin two featur select f method six ml classifi develop evalu perform model assess use accuraci sensit precis fmeasur area curv auc result high bvalu dwmrideriv featur combin f method recurs featur elimin rfe classifi random forest achiev highest perform classif prostat cancer five gg accuraci sensit precis fmeasur method also achiev averag auc gg conclus preoper mpmri radiom analysi base ml noninvas approach show good perform classif prostat cancer five gg advanc knowledg herein radiom model base preoper mpmri ml develop classifi prostat cancer gg studi provid evid analysi quantit rf extract high bvalu dwmri imag base combin f method rfe classifi random forest appli multiclass grade prostat cancer accuraci,Energy_Systems
22,predict cut forc bore machin crucial understand cut deform tool wear workpiec qualiti physicsbas model offer adapt across variou work condit struggl complex dynam scenario realtim effect convers deep learn model effect captur nonlinear relationship highli datadepend may lose accuraci unfamiliar condit studi propos physicsenhanc datadriven transform phydt model realtim cut forc predict integr physic knowledg deep learn specif phydt leverag inform machin paramet theoret cut forc calcul use modifi model base merchant theori johnsoncook constitut model transform network timeseri sensori data input incorpor physicsbas insight model aim balanc adapt accuraci across differ machin condit offer improv perform complex scenario design built heterogen data acquisit platform bore process valid phydt model variou experiment paramet result show improv predict accuraci gener untrain workpiec compar tradit datadriven method ablat studi show incorpor machin physic inform multiscal attent cascad convolut neural network improv perform reduc mean absolut percentag error,Energy_Systems
23,abstract demand food product increas rapidli surg popul cope increas food demand precis agricultur manag essenti exist techniqu involv extens field survey agricultur land discrimin minim manhour effort time requir techniqu autom techniqu precis crop type map monitor use techniqu util satellit imageri advanc machin learn techniqu crop type map monitor howev perform techniqu affect factor fragment land parcel season variabl inconsist fieldlevel observ overcom issu studi attempt classifi grape nongrap crop monitor phenolog stage studi area pune district india use sentinel satellit imageri deep learn dl segment techniqu unet deeplabv sentinel c sar imageri vv vh polar year util train evalu long shortterm memori network lstm model aim analyz tempor behavior grape crop prune harvest stage emphasi growth stage like leaf set fruit set ripen experiment result demonstr unet outperform deeplabv fscore map grape crop classif lstm model show perform fscore phenolog stage identif studi help agricultur stakehold effect largescal crop discrimin minimum human intervent potenti reveal grape distribut develop stage faster time,Energy_Systems
24,kidney cancer known one deadliest cancer high morbid mortal rate surviv cancer alway patient first concern thu method need devi find surviv rate achiev goal machin learn model effect provid aid clinician accuraci research paper seer surveil epidemiolog end result databas use provid inform cancer statist three differ approach use paper first experi use regress model second includ multiclass classif model predict surviv rate third use multiti classif end achiev accuraci model predict surviv patient,Energy_Systems
25,introduct analyz public percept activ age china mainstream social medium platform determin whether th five year plan develop age career older adult care system issu cpc fulli address public need method origin tweet post weibo januari june contain word age old age extract bidirect encod represent transform bertbas model use gener theme relat percept qualit themat analysi independ review theme label conduct research result find indic public percept revolv around four theme health prevent protect conveni live environ cognit health social integr protect right interest older adult discus studi found although plan align theme lack clear plan financi secur marit life,Energy_Systems
26,phrase search encrypt import techniqu cloudbas iot system allow user retriev encrypt iot data contain set consecut keyword play import role cloudbas ehealthcar diagnosi system machin learn applic cloudbas iot system etc howev best knowledg exist phrase search encrypt scheme cannot achiev complet verif search result either cannot verifi whether return file correctli contain queri phrase cannot verifi whether file contain queri phrase return result verif import cloudbas iot applic search result incorrect cloudbas ehealthcar diagnosi system lead misdiagnosi even endang patient life order deal problem articl explor achiev verifi phrase search encrypt cloudbas iot data specif design novel lookup tabl util determin verifi posit relationship among keyword meanwhil adopt twophas queri strategi first queri phase data user know identifi file contain keyword queri phrase gener search trapdoor base identifi next phase second queri phase data user obtain verif inform check whether file contain queri phrase correctli return present secur analysi scheme conduct extens experi result prove high secur effici propos scheme,Energy_Systems
27,traffic system fill essenti traffic control equip caus massiv infrastructur damag driver safeti hack explor machin learn method detect realtim lock pick thwart unauthor access electron gather acceleromet gyroscop data train decis tree model detect lock pick analysi reveal standard deviat featur two acceleromet axe adequ achiev robust perform deploy realtim decis tree model offsit test cabinet achiev accuraci,Energy_Systems
28,tailor disast prepared intervent may effect equit yet littl known specif factor associ disast household prepared older adult andor african americanblack ident studi aim ascertain differ import featur machin learn model household disast prepared four group inform cultur tailor intervent recommend nurs practic machin learn model develop test combin data feder emerg manag agenc nation household survey primari outcom variabl composit readi score total variabl particip includ sampl selfidentifi african americanblack report year age older import featur vari regard financi insur prepared inform seek transport group result reiter need target intervent support financi resili equit resourc access notabl older adult black racial ident group tv tv news weather channel prioriti featur household disast prepared addit relianc public transport import among older adult black racial ident highlight prioriti need equiti disast prepared polici,Energy_Systems
29,crosssect studi aim detect diabet retinopathi dr patient retin scan ophthalmolog exam research make use tailor retin imag togeth opf optimumpath forest rbm restrict boltzmann machin model categor imag accord presenc absenc dr work featur extract retin imag use rbm opf model particular thorough system train phase rbm abl extract featur imag studi includ fifteen distinct trial seri thirti cycl repetit research compris eye diabet patient gender distribut reason balanc averag age year remark rbm model stood top perform highest overal accuraci diagnosi term specif rbm opf model surpass competit correctli categor imag free dr symptom find highlight potenti machin learn particularli rbm model selfidentifi ill potenti machin learn modelsin particular rbm opfto autom diagnosi diabet retinopathi demonstr work result show well rbm model diagnos sensit well appli effici dr screen diagnosi inform may use improv effect system identifi retin ill,Machine_Learning
30,artifici intellig make signific transform human live applic medic healthcar field also observ make impact improv overal outcom quest similar process mental health due lack observ chang area suicid prevent last five year emerg bodi empir research appli technolog artifici intellig ai machin learn ml mental health review clinic applic aimlbas tool suicid prevent compel question predict suicid focu research perform broad literatur search identifi articl relev meet object review review avail evid provid brief overview advanc field last five year evid support implement algorithm clinic practic current clinic util limit use electron health record could highli effect conjunct exist tool suicid prevent potenti sourc relev data includ smart devic social network site seriou question data privaci ethic need attent develop new modal suicid research,Energy_Systems
31,motiv missens variant play crucial role cancer develop distinguish frequent occur cancer genom rare may provid valuabl insight import function mechan consequ specif common variant confer growth advantag may undergon posit select across differ patient due similar select pressur moreov studi demonstr signific rare mutat aris resist mechan respons drug treatment highlight import understand role recurr rare variant cancer addit exist tool variant predict focu distinguish variant found normal diseas popul often without consid specif diseas context variant aris instead typic build predictor generalis across diseas introduc candrivrc set cancerspecif gradient boost model design distinguish rare recurr cancer variant result curat missens variant data intern cancer genom consortium icgc cancertypespecif model significantli outperform baselin pancanc model achiev maximum leaveonegroupout crossvalid logocv f score candrivrskcm skin cutan melanoma candrivrskca skin adenocarcinoma compar baselin model notabl dna shape properti consist rank among top featur distinguish recurr rare variant across cancer specif recurr missens variant frequent occur dna bend roll potenti implic region prone dna replic error act mutat hotspot avail implement train test data python code avail candrivrc github repositori httpsgithubcomamyfranciscandrivrc,Energy_Systems
32,keratoconu problem caus chang shape thick cornea make thinner less resist patient underw refract surgeri laser higher chanc develop diseas corneal thin caus blind requir corneal transplant paper present propos detect earli stage keratoconu refract surgeri candid appli machinelearn algorithm corneal biomechan data differenti normal cornea keratoconu carrier solut aim assist medic diagnosi enabl identif patient potenti risk develop diseas greater accuraci decisionmak resumo ceratocon é um problema que provoca alteraçõ formato e espessura da córnea deixandoa mai fina e meno resistent pacient que foram submetido cirurgia refrativa laser tem uma chanc maior de desenvolv doença pelo afinamento corneano podendo causar cegueira e exigir transplant de córnea est artigo apresenta uma proposta para detectar estágio iniciai de ceratocon em pacient candidato cirurgia refrativa aplicando algoritmo de aprendizagem de máquina em dado ocular e biomecânico da córnea de forma diferenciar córnea normai de portador de ceratocon introdução ceratocon grego keratohorn córnea e kono cone é um problema na córnea olho humano com incidência de aproximadament em caso na população mundial e caracterizas pelo afinamento progressivo e assimétrico da córnea com formato cônico e irregular no estado unido cerca de em pessoa desenvolvem doença kennedi et al de acordo com conselho brasileiro de oftalmologia do transplant de córnea feito brasil são decorrência ceratocon ceratocon é uma da característica mai important se considerar na avaliação préoperatória de pacient candidato para cirurgia refrativa kanellopoulo et al ectasia ocular é nome dado para presença de alteraçõ na curvatura da córnea há muito método conhecido na literatura para detecção da ectasia o principai são anális de índicesindicador topográfico tomográfico e biomecânico randleman et al estudo recent indicam que o índice biomecânico são medida essenciai para analisar fator de risco para ectasia e podem ajudar detectar doença de forma precoc ant mesmo da evolução para o estágio mai avançado da doença levando mudança na córnea objetivo desta pesquisa é investigar característica oftalmológica com base na medida biomecânica e ocular disponibilizada por uma clínica de oftalmologia rio de janeiro contribuição esperada inclui desenvolvimento de um modelo de aprendizagem de máquina de alta precisão para detecção de ceratocon classificador proposto baseias treinamento do dado oriundo de olho normai e portador de ceratocon aplicando variaçõ na técnica e metodologia já explorada na literatura descoberta de conhecimento em base de dado também conhecida como kdd knowledg discoveri databas é uma da área de maior relevância para aplicação de mineração de dado e vária abordagen suport vector machin random forest rede neurai vêm sendo amplament aplicada na medicina e bioinformática na previsão de diagnóstico rohm et al aprendizagem de máquina tornous popular na medicina dada sua capacidad de lidar com dado e de auxiliar diagnóstico médico oh et al detecção de ceratocon é chave para identificação de candidato cirurgia refrativa jiménez et al apresentação problema cirurgia lasik ceratomileos laser situ é um procedimento de cirurgia refrativa indicado para correção da miopia astigmatismo e hipermetropia de comprovada segurança e eficácia kanellopoulo entretanto como qualquer outro tipo de procedimento cirúrgico envolv complicaçõ uma complicação rara ma bastant séria que acomet o pacient pósoperatório é ectasia póslasik conhecida como ceratocon klein et al cirurgia lasik resulta na remoção de tecido corneano ou seja reformula superfíci da córnea para corrigir erro de refração quantidad de tecido da córnea que é removida estroma é chamada de profundidad da ablação ablat depth restant tecido corneano subjacent é chamado de leito estrom residu existem trê camada serem considerada ao realizar lasik retalho flap tick profundidad da ablação ablat depth e leito estrom residu rsb medida da trê camada precisam ser analisada ant que lasik possa ser executado conjunto de dado disponibilizado contém registro de pacient com informaçõ biomecânica ocular distribuída em variávei conjunto de dado informa presença ou não da ectasia ocular sendo registro de olho saudávei e registro de olho portador de ceratocon proposta de solução proposta da pesquisa é desenvolv um modelo classificador para auxiliar na detecção de pacient com risco de desenvolv ectasia ocular pósoperatório da cirurgia de refração esta proposta de solução visa utilizar técnica de aprendizagem de máquina para extrair padrõ oculto na medida coletada solução possibilitará prever com maior eficácia probabilidad de pacient desenvolverem ectasia corneana no estágio iniciai grau e ii da tabela de classificação de amsler krumeich identificando característica mai decisiva para desenvolvimento da doença metodologia proposta para alcanc do objetivo da pesquisa consist na etapa seguir caracterização problema teorização construção modelo classificador e avaliação experiment avaliação experiment modelo avaliação da solução partir da construção modelo ocorr na etapa de experimetação considerandos que apena da instância observada desenvolveram ceratocon serão aplicada técnica de undersampl ou oversampl para tratar desbalanceamento do dado técnica de undersampl diminui quantidad de observaçõ com maior número de instância olho normai e técnica de oversampl replica observaçõ em menor quantidad olho com ceratocon partir da equalização da observaçõ classificador será avaliado quanto à sua matriz de confusão e medida de sensibilidad especificidad acurácia curva roc receiv oper characterist e auc area curv matriz de confusão relaciona o valor de entrada com o resultado previsto pelo classificador segregando em quatro quadrant o verdadeiro positivo verdadeiro negativo falso positivo e falso negativo sensibilidad mede proporção de caso positivo identificado corretament especificidad mede proporção de caso negativo identificado corretament acurácia mede proporção de caso corretament previsto curva roc mede taxon de falso positivo eixo x e taxon de verdadeiro positivo eixo esquema abaixo representa fluxo proposto para treinamento classificador figura fluxo para treinamento classificador proposto partir do resultado obtido serão aplicado test estatístico para comparar desempenho do modelo proposto test de kruskalw possibilitará observar se exist diferença estatística relevant entr o algoritmo utilizado em cada modelo confirmando esta hipótes o test de scottknott e effect size de cohen permitirão analisar magnitud desta diferença possibilitando ranquear o modelo que melhor contribuem com classificador atividad realizada pesquisa encontras na fase inici correspondent contextualização problema e levantamento de estudo semelhant extraído da literatura embora est trabalho indiquem elevado desempenho diagnóstico de ceratocon por meio da aplicação de distinta técnica de aprendizagem de máquina esta pesquisa propões em combinar acurácia de técnica supervisionada na detecção de class previament conhecida com adaptabilidad de técnica nãosupervisionada na detecção de nova class quadro abaixo apresenta uma amostra levantamento realizado quadro amostra de trabalho realizado para diagnóstico de ceratocon autor técnica auc parâmetro alexandru lavric et al cnn topografia da imagen r ambrósio et al rfloocv dado tomográfico pentacam hr biomecânicoscorvi st accardo et al nn dado topográfico legenda nn neural network cnn convolut neural network rf random forest loocv leaveoneout crossvalid consideraçõ finai aplicação de técnica de aprendizagem de máquina vem se consolidado como estratégia fundament diagnóstico de ceratocon desenvolvimento de um modelo analítico de dado para detectar estágio iniciai de ceratocon permit que ferramenta de apoio decisão utilizem como insumo seu dado para garantir uma maior assertividad diagnóstico médico aliado ao alto desempenho esperado em termo de sensibilidad acurácia e especificidad da solução esperas minimizar chanc de complicaçõ pósoperatório em pacient de risco candidato cirurgia refrativa,Energy_Systems
33,satellit commun system necessari implement fast effect interfer suppress unknown interfer signal ensur safeti reliabl satellit commun success recognit type interfer prerequisit ensur higheffici antiinterfer paper increment learn method introduc process satellit interfer signal recognit lower hardwar condit requir machin learn algorithm reduc memori consumpt shorten comput time firstli varieti frequenc domain featur extract five kind interfer signal often appear satellit commun system classif featur paramet secondli increment support vector machin learn model propos gert cauwenbergh et al extend multiclass model oneversuson decis tree direct acycl graph respect three improv model use train characterist paramet interfer signal obtain recognit result simul experi show compar convent multicategori support vector machin model propos model littl differ recognit accuraci comput time memori occup train model greatli reduc result consist actual requir satellit commun system,Machine_Learning
34,monitor evalu essenti process intern develop ensur account learn program effect articl examin evolut compliancedriven report adapt system ground resultsbas manag rbm logic framework approach logfram theori chang toc particular attent given lowresourc set contextsensit costeffect approach critic analysi highlight practic strategi adapt data collect report exampl health agricultur commun program emerg trend includ use mobil technolog artifici intellig machin learn consid potenti enhanc realtim monitor predict insight articl conclud participatori cultur ground adapt approach essenti strengthen trust ensur sustain embed cultur learn develop practic,Energy_Systems
35,paper propos novel simpl multilay featur learn method imag classif employ extrem learn machin elm propos algorithm compos two stage multilay elm mlelm featur map stage elm learn stage mlelm featur map stage recurs built altern featur map construct maximum pool oper particular input weight construct featur map randomli gener henc need train tune make algorithm highli effici moreov maximum pool oper enabl algorithm invari certain transform elm learn stage elasticnet regular propos learn output weight elasticnet regular help learn compact meaning output weight addit preprocess input data den scaleinvari featur transform oper improv robust invari algorithm evalu effect propos method sever experi conduct three challeng databas compar convent deep learn method relat one propos method achiev best classif result high comput effici,Energy_Systems
36,open educ system colleg physic educ multimedia network teach involv complex diver improv effici teach paper propos inform fusion model base big data resourc schedul onlin cours design incorpor softwar platform built embed linux environ includ sever key modul databas modul multimedia inform resourc sampl modul embed program process modul multimedia humanmachin interact control moduleth platform aim enhanc teach learn experi colleg physic educ offer student interact comprehens learn environ key compon platform design includ user interfac databas modul inform fusion model platform util excel access technolog data collect databas construct within open educ system addit quantit recurs analysi method appli design algorithm multimedia network teach inform fusion schedul linear program modelth algorithm integr platform use instruct dynam load modul load system control termin inform process center success load algorithm execut variou task relat inform fusion schedul featur allow effici manag resourc datafurthermor platform support crosscompil multimod control multimedia network teach inform cloud comput environ combin embed softwar design techniqu softwar develop manag platform realiz result demonstr platform multimod integr schedul abil enhanc realtim retriev access capabl stronger therebi improv qualiti multimedia network teach colleg sport,Energy_Systems
37,current technolog era machin learn applic becom popular everi day research paper provid inform effect ml techniqu account well audit process get proper result differ ml librari util conclud seaborn matplotlib numpi introduct section research purpos research object develop entir research process develop logist regress machin learn model built literari sourc analyz literatur review section easi gain differ percept base research context effect differ type machin learn algorithm account audit evalu properli develop knowledg level import increas proper attent research paper provid proper inform base ml effect,Energy_Systems
38,impact morbid long term lead chronic diseas high mortal rate major peopl suffer realiz chronic natur end stage machin learn integr physician deliv better solut identifi natur diseas earli stage patient diagnos help machin learn techniqu algorithm machin learn algorithm like naïv bayesian network decis tree random forest support vector machin integr patient data diagnos diseas give result patient condit normal abnorm diagnosi medic suggest diseas gener method use diagnosi afford major popul machin learn method overcom limit,Machine_Learning
39,paper present concept inform system forecast temperatur regim earth surfac use machin learn forecast base histor data specif area order increas accuraci forecast result analysi featur climat zone carri identifi pattern comparison depend averag monthli temperatur earth surfac countri depend locat climat zone carri analysi sourc scientif public confirm relev chosen research topic histor aspect forecast chang climat indic consid modern method approach temperatur forecast advantag disadvantag analyz overview subject area conduct regular temperatur chang accord climat featur determin comparison temperatur regim countri locat differ climat zone made clariti graph temperatur chang plot averag indic calcul climat zone result studi confirm need adjust temperatur forecast certain area take account locat specif climat zone reveal regular temperatur regim countri indic need individu approach forecast use machin learn method best adapt depend observ climat zone architectur inform system forecast futur temperatur depend climat featur studi territori propos concept form research find accur effect approach predict climat paramet achiev goal sustain develop,Energy_Systems
40,outbreak cyanobacteri bloom seriou water environment problem harm bring aquat ecosystem water suppli system cannot underestim import establish accur predict model cyanobacteri bloom concentr challeng issu machin learn techniqu improv predict accuraci larg amount histor monitor data need train model water inconveni geograph locat frequent sensor failur enough histor data train model deal problem fuse model base transfer learn method propos paper studi data water environ larg amount histor monitor data taken sourc domain order learn knowledg cyanobacteri bloom growth characterist train predict model data water environ small amount histor monitor data taken target domain order load model train sourc domain train set target domain use particip interlay finetun train model obtain transfer learn model last transfer learn model fuse convolut neural network obtain predict model variou experi conduct h predict test set target domain result show propos model significantli improv predict accuraci cyanobacteri bloom water environ low data volum,Machine_Learning
41,advanc earli insect detect report use digit technolog camera system sensor network remot sen coupl machin learn ml model howev date costeffect system monitor insect presenc accur insectpl interact paper present result implement nearinfrar spectroscopi nir lowcost electron nose enos coupl machin learn sever artifici neural network ann model develop base classif detect level infest regress predict insect number enos nir input plant physiolog respons base enos predict photosynthesi rate transpir e stomat conduct g result show high accuraci classif model rang within nir use enos data input regress model high correl coeffici obtain physiolog paramet g e use enos data sampl input r r consid control plant insect presenc final r nir r enos data input obtain predict number insect perform model develop show sign overfit paper fieldbas system use unman aerial vehicl enos payload propos describ deploy ml model aid grower pest manag practic,Energy_Systems
42,numer diseas nowaday recogn getgo start viabl treatment may lethal incur thu import examin convolut clinic inform report photo quicker maintain signific precis level differ case certain peculiar unpretenti extent individu cant promptli distinguish point basic inform examin clinic inform expect distinguish stowedaway connect irregular obviou peopl ai innov util medic servic comput navig tri execut algorithm posit yet consider harder develop calcul precis decreas execut time mean prevent product medic servic util enorm inform scatter differ lot gadget underlin medic care late expand interest medic care data investig fundament includ forecast util client essenti data static inform knowledg base research studi propos convolut neural network cnn machin learningbas uniqu model health care predict,Energy_Systems
43,extraordinari outbreak pneumonia wuhan citi china subsequ term covid emerg decemb viru also known infecti diseas inherit novel coronaviru studi expo begin unpreced covid confirm case spike exponenti unit state countri global epidemiologist usual util convent spread predict via classic cluster method suspect patient like blow diseas potenti agglom case group place time era cut edg outbreak predict also gener accur techniqu util unsupervis machin learn method appli two promin unsupervis learn method name kmean cluster correl set coronaviru outbreak covid data collect date march august kmean automat search unknown cluster mani countri infect covid rapidli show group produc accuraci unit state itali iran franc spain german indonesia malaysia philippin cluster time predict pertin relationship total death critic patient attribut correl covid characterist,Machine_Learning
44,given advantag low latenc fast respons contextawar servic mobil privaci preserv edg comput emerg key support intellig applic gg internet thing iot network technolog extend cloud provid intermedi servic edg network improv qualiti servic latencysensit applic mani aibas solut machin learn deep learn swarm intellig exhibit high potenti perform intellig cognit sen intellig network manag big data analyt secur enhanc edgebas smart applic despit mani benefit still concern requir capabl intellig edg comput deal comput complex machin learn techniqu big iot data analyt resourc constraint edg comput distribut comput effici orchestr synchron resourc factor requir attent qualiti servic improv costeffect develop edgebas smart applic context paper aim explor confluenc ai edg mani applic domain order leverag potenti exist research around factor identifi new perspect confluenc edg comput ai improv qualiti user experi emerg situat internet vehicl critic inaccuraci delay lead damag accid factor studi use evalu success edgebas applic review first provid indepth analysi state art ai edgebas applic focu eight applic area smart agricultur smart environ smart grid smart healthcar smart industri smart educ smart transport secur privaci present qualit comparison emphas main object confluenc role use artifici intellig network edg key enabl technolog edg analyt open challeng futur research direct perspect identifi discus final conclus drawn,Energy_Systems
45,retract articl doi,General_Research
46,background primari care popul age time identif palli care need becom increasingli relev previou studi target particular patient popul lifelimit diseas focus patient primari care set toward end propos steppedwedg pragmat random trial wherebi machin learn algorithm identifi patient empanel primari care unit mayo clinic rochest minnesota unit state high likelihood palli care need method care team unit cluster random wedg last day care team treatment wedg palli care specialist review identifi patient make recommend primari care provid appropri care team control wedg receiv palli care standard care discus pragmat trial therefor integr machin learn clinic decis make instead simpli report theoret predict perform integr possibl decreas time palli care improv patient qualiti life symptom burden trial registr clinicaltrialsgov nct restrospect regist protocol v date,Energy_Systems
47,find import edg graph crucial problem variou research field network epidem signal process machin learn sensor network paper tackl problem base sampl theori graph convert origin graph line graph node edg respect repres origin edg connect edg perform node sampl line graph base edg smooth assumpt process select critic edg origin graph present gener framework edg sampl base graph sampl theori reveal theoret relationship degre origin graph line graph also propos acceler method edg sampl propos framework use relationship two type laplacian node edg domain experiment result synthet realworld graph valid effect approach altern edg select method,Energy_Systems
48,past ten year lot emphasi focus develop artifici intellig ai machin learn mlbase mental health treatment increas practition patient trust ai applic ai system need explain action call explain ai xai signific progress achiev stress predict model xai advanc much overcom gap work present explain aibas multilay pyramid convolut neural network xai_mlpcnn architectur stress detect multichannel eeg record deconstruct distinct frequenc band nonlinear nonstationar remov use discret wavelet transform dwt process featur power spectral densiti psd employ convers decompos signal employ automat featur extract process mlpcnn dual bilstm selfattent layer dbil_sa util predict stress mlpcnndbil_sa psd featur combin improv predict provid explan assess explain predict explain artifici intellig techniqu like shapley addit explan shap local interpret modelagnost explan lime employ python platform use implement model perform assess use sever perform metric accuraci recal precis fmeasur furthermor propos approach compar method current use like cnndwd psd lstmdwd psd bilstmdwd psd rnndwd psd grudwt psd,Energy_Systems
49,due potenti unman aerial vehicl uav began increasingli use variou field environ leisur health militari transport etc along increas batteri storag capac uav began propuls brushless dc bldc motor failur bldc motor lead loss control caus accid condit necessari devi method find defect bldc motor uav articl author propos novel method predict bldc motor defect use machin learn maxim method result perform three machin learn model knearest neighbor knn support vector machin svm bayesian network bn predict flaw bldc motor compar,Energy_Systems
50,spontan activ play crucial role brain develop coordin integr immatur neuron emerg cortic network high level complex pattern spontan activ gener associ low rate apoptosi cortex howev whether spontan activ pattern directli encod surviv individu cortic neuron develop remain open question longitudin investig spontan activ apoptosi develop cortic cultur combin extracellular electrophysiolog calcium imag experi demonstr earli occurr calcium transient strongli link neuron surviv silent neuron exhibit higher probabl cell death wherea high frequenc spike burst behavior almost exclus detect surviv neuron local neuron cluster activ neighbor neuron exert prosurviv effect wherea function level network high modular topolog associ lower cell death rate use machin learn algorithm cell fate individu neuron predict integr spontan activ featur result indic high frequenc spike activ constrain apoptosi singl neuron sustain calcium rise therebi consolid network high modular topolog reach earli develop,Energy_Systems
51,paper special section examin deploy big data artifici intellig network technolog ener huge amount data call big data creat need effici tool manag data artifici intellig ai becom power tool deal big data recent breakthrough multipl front machin learn includ deep learn meanwhil inform network becom larger complic gener huge amount runtim statist data traffic load resourc usag emerg big data ai technolog may includ bunch new requir applic scenario ehealth intellig transport system industri internet thing iiot smart citi term comput network big data ai driven network technolog also provid unpreced patient discov new featur character user demand system capabl network resourc assign secur privaci system architectur model applic need explor focu special section address big data artifici intellig network technolog appreci contribut special section valuabl extens effort review topic special section rang big data ai algorithm model architectur network system network architectur,Energy_Systems
52,digit twin dt gain popular provid precis digit copi asset process system especi true dt pair realtim simul model make use modern technolog like machin learn artifici intellig data analyt combin provid comprehens dynam view monitor system digit twin dt shown tremend potenti bring revolutionari improv field construct site surveil howev notabl pauciti empir research identifi constant element affect dt adopt industri research tri fill void identifi import element determin usag dt construct studi adopt complet framework goal increas use dt build site monitor element influenc adopt effect distribut ledger technolog dt divid three categori technolog organiz econom technolog factor includ system appropri robust data infrastructur organiz consider includ compani open innov leadership support econom aspect includ thing like return invest roi costeffect research techniqu combin case studi literatur review examin benefit drawback dt construct monitor studi expect output comprehens framework aid construct busi optim use dt site monitor would allow effici datadriven forwardthink process studi ultim purpos provid critic knowledg assist build sector adopt cuttingedg method industri may better plan integr sophist technolog oper know potenti dt variabl drive adopt turn lead effici lower risk improv overal perform,Energy_Systems
53,train data nlp task often exhibit gender bia fewer sentenc refer woman men neural machin translat nmt gender bia shown reduc translat qualiti particularli target languag grammat gender recent winomt challeng set allow u measur effect directli stanovski et al ideal would reduc system bia simpli debias data prior train achiev effect challeng rather attempt creat balanc dataset use transfer learn small set trust genderbalanc exampl approach give strong consist improv gender debias much less comput cost train scratch known pitfal transfer learn new domain catastroph forget address adapt infer time adapt show elast weight consolid allow perform tradeoff gener translat qualiti bia reduct infer time propos latticerescor scheme outperform system evalu stanovski et al winomt degrad gener test set bleu demonstr approach translat english three languag vari linguist properti data avail,Energy_Systems
54,work present framework datadriven digit twin realtim machin monitor datadriven digit twin gain promin varieti industri applic owe abil captur complex relationship sensor data system behavior comput effici gain use twin critic realtim machin monitor diagnost time interact human intervent one fundament challeng current datadriven digit twin lack understand differ data synthesi strategi sensor data affect predict power twin model typic obtain statist learn result interact support enabl human intervent machin health monitor gener differ machin configur fault condit use turbomachineri concret demonstr context investig two fundament differ data synthesi strategi name integr combinatori digit twin rotat machin specif consid rotor kit machin compon develop synthet dataset use simul conduct systemat studi predict perform reduc order model train use differ data data synthesi strategi experi show combinatori dataset offer higher predict accuraci comaprison random data gener demonstr practic applic methodolog develop cloudbas augment realiti ar mobil tool extract function inform realtim use raw data map respect part machin,Energy_Systems
55,comprehens growth index cgi accur reflect crop growth condit singl indic crucial precis irrig fertil yield predict howev mani current studi overlook relationship differ growth paramet vari contribut yield lead overlap inform lower accuraci monitor crop growth therefor studi focus winter wheat construct comprehens growth monitor index cgiac base adapt weight alloc growth paramet contribut yield use data leaf area index lai soil plant analysi develop spad valu plant height ph biomass bm plant water content pwc use uav data veget indic featur select perform use elast net growth invers model construct use machin learn method includ linear regress lr random forest rf gradient boost gb support vector regress svr base optim growth invers model winter wheat spatial distribut wheat growth studi area obtain find demonstr cgiac outperform cgiav construct use equal weight cgicv built use coeffici variat yield correl predict accuraci specif yield correl cgiac improv compar individu indic yield predict accuraci increas among evalu model rf model achiev best perform coeffici determin r root mean squar error rmse comparison wheat orthophoto period confirm invers result highli consist actual growth condit studi area propos method significantli improv accuraci applic winter wheat growth monitor overcom limit singl paramet growth predict addit provid new technolog support innov solut region crop monitor precis farm oper,Energy_Systems
56,book offer indepth explor advanc remot sen technolog geolog studi three author weitao chen xianju li lizh wang affili school comput scienc china univers geoscienc wuhan china expertis ai applic geolog data interpret fourth author xuwen qin base china aero geophys survey remot sen center natur resourc beij china know geophys multisourc data integr interdisciplinari collabor provid robust foundat book innov methodolog geolog explor book integr remot sen methodolog stateoftheart artifici intellig ai techniqu enhanc geolog interpret remot sen acquir data via satellit aircraft drone usual reli human interpret computergener imag intellig remot sen enhanc ai machin learn autom analysi improv accuraci process complex largescal dataset advanc enabl effici geolog explor environment monitor resourc manag master student physic read book wrote review three week ai util enhanc clariti languag person connect author book address critic topic litholog classif scene segment transfer learn offer solut practic challeng tailor advanc undergradu graduat student well research profession special geolog,Energy_Systems
57,accur crop classif necessari use timeseri highresolut satellit data better discrimin among certain crop type task bring follow challeng larg amount satellit data download big data process comput resourc util stateoftheart classif approach solv problem develop autom crop classif workflow base machinelearn techniqu deploy workflow cloud platform overcom challeng big data download process paper present system architectur describ experi structur parametr identif machin learn model util system,Energy_Systems
58,studi present machin learn framework realtim hazard assess fire environ use ga sensor data twostag predict model develop simul data pyrosim fire dynam tool regress model predict ga concentr throughout burn structur classif model determin whether level safe pose immedi danger life health idlh enhanc perform lag featur captur shortterm tempor dynam synthet minor oversampl techniqu smote address class imbal improv detect rare critic hazard condit approach significantli increas model accuraci identifi immedi danger event design realtim deploy system process sensor input provid instant hazard classif preliminari result indic model accur predict classifi hazard condit high confid enabl realtim use autonom system futur effort focu sensor calibr system integr field valid advanc autom risk assess improv respond safeti fire emerg,Energy_Systems
59,backgroundobject mammari gland trait milk qualiti lactat perform econom critic b tauru ari core regulatori hub gene remain unclear due high fals posit singlemethod transcriptom analys studi aim identifi robust hub gene link speciesspecif differ mammari gland tissu via integr bioinformat strategi method raw transcriptom data b tauru ari mammari gland sampl retriev european nucleotid archiv ena qualiti control differenti express gene deg screen weight gene coexpress network analysi wgcna shapley addit explan shapassist machin learn perform core gene defin intersect three gene set function enrich proteinprotein interact ppi network analys use priorit hub gene result total highqual gene retain includ deg wgcna core modul gene shaphighcontribut gene yield core gene significantli enrich translat p pathway hub gene identifi via ppi network analysi conclus find indic rp rpla core speciesdiffer signal mammari gland tissu b tauru ari provid insight interspeci molecular differ integr strategi enhanc robust hub gene identif pure bioinformat studi,Energy_Systems
60,purpos purpos studi investig librari adopt beyond realiti technolog like virtual realiti augment realiti mix realiti extend realiti provid engag environ transform user servic provis designmethodologyapproach studi explain differ facet beyond realiti survey variou librari websit analys literatur deal vari form beyond realiti technolog gain idea librari perceiv relev emerg technolog incorpor workflow find studi present use case studi give overview adopt technolog librari studi also outlin scope futur possibl expans applic originalityvalu practic exampl help improv understand practic librarian contempl implement prepar cover area technolog librari encourag research explor integr artifici intellig machin learn technolog cloud infrastructur leverag maximum outcom broader perspect immers technolog,Energy_Systems
61,use gener machin learn model train experiment resolv structur deposit protein data bank attract approach sampl conform ensembl protein howev ensembl gener model lack time scale causal inform use structur ensembl gener alphafold rang msa depth parametr potenti mean forc overdamp memoryfre coarsegrain langevin equat approach coupl alphafold ensembl causal model allow u estim time scale span ensembl gener msa depth perform analysi six variant hiv protea confirm invers relationship msa depth time scale ensembl conform fluctuat msa depth essenti serv conform restraint alphafold gener abl probe time scale seen microsecondlong unbias molecular dynam simul conclud gener approach gener structur ensemblepredict method well cofold model case biolog function hiv protea dimer,Energy_Systems
62,order provid quick effici treatment diseas predict healthcar industri must exceedingli accur overal goal project predict brain tumor earli stage use deep learn model brain import organ human bodi sinc control organ function help u make decis tumor uncheck growth unwant tissu insid brain develop fibrou mesh main object studi identifi brain tumor earli research would offer prognosi identifi presenc absenc tumor among machin learn algorithm yolo look deep learn method employ greater degre precis produc result quickli easi train larg dataset anoth benefit deep learn method permit parallel higher test accuraci algorithm techniqu make possibl diagnos brain tumor quickli precis time help patient care,Energy_Systems
63,st john wort depress free download st john wort depress find load book catalogu site choic visit page also join websit book librari show numer book type literatur scienc polit mani catalogu present offer best book find book realli make feel satisfi that book save job deadlin come offer right catalogu book open st john wort depress one literari work world suitabl read materi that book give refer also show amaz benefit read book develop countless mind need moreov kind peopl great curio book appropri grow elementari adult read book let differ reason believ sometim need book job deadlin time read st john wort depress job deadlin need also eager read book great eager read enough seek anoth book cant make feel plea alway look sourc wont come help find right book find st john wort depress right book realli make feel reliev even book find good cant got sourc fulfil curiou sometim easi sometim need big effort find websit get book may feel confus realli need awesom book read soon possibl get anoth ebook relat st john wort depress interest fiat seicento owner manual triumph tra workshop manual manual autocad tinker afb itt frontier citi ticket tv scooti pep plu servic manual itb practic test th grade fun idea th grade orient maretron user manual sponsorship sampl letter rodeo clean self clean oven manual atcnj atcnj atcnj data manual v teacher websit grammar pretest th grade monitor kerosen heater manual honda accord hybrid owner manual ford mustang gt owner manua brigg stratton singl cylind l head repair manual asko dryer manual veterinari liabil waiver form manual flash v auto flash acura rl dash trim manual citroen c picasso manual usuario gener hummer ac compressor bear manua spell word wonder grade daili grammar review th grade hydraul design manual ingeniero de mina alberta millwright red seal test question dunban art manual schnuck discount six flag ticket exemplar grade mathemat june oper manual saab tankradar g introduct combust solut manual mazda manual oper manual yamaha yzf r manual owner manual vectra vauxhal account exam paper grade harley davidson shovelhead servic manual memorandum criminolog exam paper elig worker sampl test california udec dynam manual merit award comment daewoo lacetti manual lg btu portabl air condition manual ford ranger owner manual mysteri giant barletta comprehens test cogic men effemin toyota camri xle owner manual manual book honda citi th grade staar social studi review pontiac montana sv servic manual pressur ulcer soap note exampl prometr exam question paper oman aventa learn world histori answer bibl hidden pictur caleb joshua mazda mx ford probe hayn repair manual mirag minisplit owner manual th grade long divis lesson plan diahatsu modl dmd repair manual honda xr servic manual huawei e user manual safeti craft preschool zte blade instruct manual jeep compass repair manual pontiac vibe owner manual manual servic opel vectra apex geographi unit jzz manual instrument cluster m excel invest bank instruct manual untitl document honda civic wire diagram free manual predict paper june higher tier jeep cheroke manual stanford picc line dress chang ford repair manual dcoti ford fiesta manual canon eo manual english volvo v repair manual audi servic manual free nfpa fire hydrant inspect frequenc poetri th grade manual soni z espanol flamenco guitar tab insignia surround sound repair manual bcxlt manual johnson outboard motor manual hp dmc z owner manual marin hp outboard manual dremel manual toshiba slu owner manual uniden dect manual olympian gener manual gep jss question paper answer canon rebel ti manual abaqu random respons exampl toyota corolla servic manual pd hp printer manual ford escap owner manual ford fiesta hayn manual honda crff servic manual vl commodor manual enlarg pictur grid worksheet nsc preliminari exam timet exampl numeraci literaci test bu driver engin manual vt intern common core kindergarten first quarter acura tl fuel cap tester adapt manual kia sorento manual panason lumix tz manual lesson plan templat edit ford focu manual yari repair manual honda odyssey owner manual owner manual samsung tv whirlpool wher instal manual idrivesaf final exam answer life earth dot point answer principl engin pltw final exam love stori guitar sheet merced r manualfre paragraph uniti coher exercis hp evinrud manual marci home gym assembl manual peter pan wendi monologu ford escap manual toshiba satellit repair manual engin math n question paper grand vitara manual propietario chemistri densiti word problem worksheet critic inferenti comprehens question littl green machin instruct manual classic car manual sale htc titan user manual leappad explor manual renault servic manual cobalt manual exampl physic scienc grade bullet express manual opel combo servc manual ex ii servic manual polari sportsman manual kubota gh manual mercuri grand marqui owner manual acura rdx winch manual tata indica vista quadrajet user manual danfoss vlt manual free onlin motorcycl owner manual lesson nicen creed sonata servic manual volvo b owner manual hitachi ultravis manual panorama supersit leccion answer mercuri hp stroke servic manual answer biotechnolog concept map repair manual truck enter kindergarten math chevi equinox owner manual word train manual jsc math suggest world ice fire high level question stem hockey registr form templat kodak easyshar mini manual quadrat applic tesccc answer key cadd solo vip oper manual harmoni remot manual emc aventura workbook answer key manual canon espanol summer packet nd grader kia warranti consum inform manual nikon user manual free sampl literari essay grade activ grandmoth spider bring sun pearson master physic solut manual phet color vision answer mcq gener surgeri correct offic ontario cognit test minolta maxxum htsi plu manual lesson plan realidad question paper econom grade term alic wonderland lamda piec essenti invest th edit test bank fisher paykel washer diagnost manual gw manual maptek vulcan googl map easter egg coordin mini servic manual sampl student growth object free repair manual new holland tractor manual free manual fokker f nissan sentra repair manual grd agric exampl understand statist th edit brase ergo metrix promot test prep toro hxl workshop manual mercuri thunderbolt manual bobcat owner manual c servic manual whirlpool awm servic manual hayn repair manual mitsubishi colt free ebook state project th grade wai iv technic manual kubota l servic manual stori three littl pig child star test sampl question th grade wizard digit readout oper manual toyota matrix repair manual manual jetta bose sounddock seri ii user manual acura tl fuel cap tester adapt manual outgo head boy speech graduat ceremoni mygig manual english foundat apex honda cr servic manual startup owner manual free hilux workshop manual agricultur scienc p june question paper volum pyramid exam question denon avr manual toro manual free jeep manual jewish life cycl lesson plan kyle xy nowher hide june jim king predict paper rca visi phone manual physic scienc grade part catalog manual manual focu film camera person narr lesson plan th grade renault hayn servic repair manual honda vfc manual yamaha road star warrior manual subaru legaci repair manual pdf tvm program manual volvo lf wheel loader servic manual summari novel kusinda kwehlela endodeni alup compressor manual kubota l owner manual volvo wagon workshop manual free pd economi manual xi humanita nissan frontier servic manual fundament databas system laboratori manual car manual free chevi sonic servic repair manual solut n paper memorandum ford tractor repair manual canon manual maytag epic z user manual exempl life orient number chart blank free katana repair manual st jo h w ep ssi,Energy_Systems
64,consid problem measur much system reveal secret input work blackbox set assum prior knowledg system intern run system choic secret measur leakag respect output goal estim bay risk one deriv popular leakag measur eg minentropi leakag stateoftheart method estim leakag measur frequentist paradigm approxim system intern look frequenc input output unfortun scale system larg output space would requir mani inputoutput exampl consequ also cannot appli system continu output eg time side channel network traffic paper exploit analog machin learn ml blackbox leakag estim show bay risk system estim use class ml method univers consist learn rule rule exploit pattern inputoutput exampl improv estim converg retain formal optim guarante focu set nearest neighbor rule show significantli reduc number blackbox queri requir precis estim whenev nearbi output tend produc secret furthermor tackl system continu output illustr applic techniqu synthet realworld data compar stateoftheart tool leakiest base frequentist approach,Energy_Systems
65,paper adopt stateoftheart machin learn algorithm name random forest rf least squar boost model crash data identifi optimum model studi impact narrow lane safeti arteri road use tenyear crash dataset four citi nebraska two machin learn model assess base predict error rf model identifi best model rf use comput import lane width predictor regress model base two differ measur subsequ rf model use simul crash rate differ lane width kruskalw test conduct determin simul valu four lane width group equal mean test null hypothesi equal mean simul valu four lane width group reject consequ conclud crash rate least one lane width group statist differ other final result pairwis comparison use tukey kramer test show chang crash rate two lane width condit statist signific,Machine_Learning
66,abstract artifici intellig ai machin learn ml transform pharmaceut valu chain yet adapt datadriven behaviour challeng tradit valid framework design determinist softwar narr review synthes current global guidanceinclud gamp second edit alcoa ich qq u fda softwar medic devic samd aiml action plan draft guidanc predetermin chang control plan aimlen devic european union ai act isoiec unifi riskbas blueprint encompass three technolog class convent softwar autom platform aiml model differ user requir specif qualif iqoqpq chang manag lifecycl oversight map four emerg pain pointsmodel drift bia explain cybersecurityar highlight build upon classic vmodel fourphas roadmap propos integr determinist valid disciplin agil datacentr control continu perform monitor adopt blueprint shorten valid cycl enhanc regulatori complianc expedit deliveri safer reliabl medicin,Energy_Systems
67,extrem learn machin need larg number hidden node gener singl hidden layer neural network given train dataset need number hidden node suggest neuralnetwork memor rather gener model henc supervis learn method describ use moorepenros approxim determin inputweight outputweight two epoch name backwardpass forwardpass propos techniqu advantag backpropag method term iter requir superior extrem learn machin term number hidden unit necessari gener,Machine_Learning
68,imag recognit occupi special place scienc comput vision contour analysi particular import pattern recognit paper consid structur contour analysi extern imag activ contour method show possibl use minimum energi curv energi function defin boundari without first isol boundari imag object therefor canni boundari detector algorithm use detect contour object imag algorithm smooth imag blur elimin nois elimin error interfer pictur path track method cross boundari subject background algorithm machin learn need order reflect perform need recognit cluster use machin learn method find nearest neighbor criterion mathemat model cluster uniqu applic identifi border contour imag contour detect link approach use graph analysi work lose effici presenc nois convex defect contour analysi algorithm abl determin size border also use search contour recess introduct key featur calcul object paramet,Machine_Learning
69,paper summar first attempt use ensembl techniqu predict soccer game chose repres game convert differ team statist valu convers done use toler valu zeroout differ use genet algorithm find toler valu toler vector produc genet algorithm use creat game represent variou machin learn algorithm train creat ensembl techniqu approach accuraci predict woman euro accuraci predict men euro,Machine_Learning
70,studi aim highlight key figur organ solar energi forecast research includ promin author journal countri also clarifi commonli use abbrevi field focu forecast method techniqu form type solar energi forecast output associ error metric build previou research analyz data studi updat find includ inform incorpor metadata articl identifi key figur organ along fulltext articl analyz abbrevi applic text mine offer concis yet comprehens overview latest trend insight solar energi forecast key find studi threefold first china follow unit state america india lead countri solar energi forecast research shift observ compar pre period second numer new abbrevi relat machin learn particularli deep learn emerg solar energi forecast sinc long shortterm memori convolut neural network recurr neural network promin final determinist error metric mention nearli time frequent probabilist one furthermor perspect practic approach solar energi forecast compani also examin,Energy_Systems
71,scientif articl modern type machin vision examin wide use process inspect vehicl variou stage product oper machin vision serv import tool enhanc qualiti safeti vehicl well optim product process articl discus key technolog light technolog provid necessari illumin accur imag analysi well imag process allow extract use inform visual data addit special attent given machin learn algorithm enabl machin vision system adapt improv accuraci time stereovis method also consid context creat threedimension model object significantli increas accuraci defect detect articl emphas autom qualiti control method includ use highresolut camera capabl detect defect damag discrep design finish vehicl technolog play crucial role ensur high standard qualiti reliabl vehicl turn contribut increas consum trust manufactur,Energy_Systems
72,reaction databas provid great deal use inform assist plan experi provid interpret chemic concept accompani inform work reaction label experiment condit network analysi show consist within cluster data point leverag organ inform particular analysi show particular experiment condit specif solvent effect enabl specif organ reaction friedelcraft aldol addit claisen condens dielsald wittig includ variat within reaction class exampl network analysi shown graphic abstract data point claisen condens reaction break cluster depend catalyst chemic structur type cluster mimic chemist reason deriv directli network therefor find work could augment synthesi plan provid predict fashion mimic human chemist numer evalu solvent predict abil three method compar network analysi knearest neighbor algorithm support vector machin deep neural network accur method test case network analysi deep neural network also show good predict score network analysi tool evalu expert panel chemist gener agre algorithm produc accur solvent choic simultan transpar underli reason predict,Energy_Systems
73,implicit model allow gener sampl pointwis evalu probabl omnipres realworld problem tackl machin learn hot topic current research exampl includ data simul wide use engin scientif research gener adversari network gan imag synthesi hotoffthepress approxim infer techniqu reli implicit distribut major exist approach learn implicit model reli approxim intract distribut optimis object gradientbas optimis liabl produc inaccur updat thu poor model paper allevi need approxim propos stein gradient estim directli estim score function implicitli defin distribut efficaci propos estim empir demonstr exampl includ metalearn approxim infer entropi regularis gan provid improv sampl diver,Energy_Systems
74,prior interrupt research focus identifi interrupt opportun moment user handl notif yet user may want attend notif even moment research shown user current practic select attend specul notif sourc yet sometim inform insuffici make specul difficult paper describ first research attempt examin well machin learn model predict moment user would incorrectli specul sender notif built machin learn model achiev recal precis fscore also show import featur predict moment,Energy_Systems
75,studi aim produc vocat high school natur scienc learn tool improv projectbas soft skill valid practic effect develop student soft skill method use research develop rd refer model suggest thiagarajan stage name defin design develop dissemin popul studi student class xi machin technolog group smk negeri kudu academ year n sampl studi student class xi expertis machin technolog n taken random sampl techniqu data collect use devic valid sheet implement observ sheet teacher respons questionnair student respons questionnair data valid practic devic develop learn tool improv projectbas soft skill analyz use righthand ttest,Energy_Systems
76,game theori studi strateg behavior ration decis maker awar decis aﬀect one anoth simpl univers principl found applic diver disciplin includ econom social scienc evolutionari biolog well logic system scienc comput scienc despit longstand tradit mani advanc game theori still young develop scienc paper describ recent excit applic ﬁeld machin learn privaci,Energy_Systems
77,thermal imag progress use nowaday investig wide rang muscl disord irregular caus increas decreas blood flow furthermor activ muscl tissu accur detect use electromyographi techniqu measur electr activ produc muscular contract relax combin smart materialbas actuat sensor versatil appropri integr multisensor feedback unit human interact develop research present novel approach investig muscl activ level local use surfac temperatur base lowcost surfac electromyographi thermal sensor incorpor multimod dielectr elastom actuat feedback capabl implement deep learn algorithm make predict muscl activ local purpos optim graphic user interfac develop make predict forecast go deep learn model exhibit high evalu score across accuraci metric accuraci test set studi explor potenti applic approach field biomechan rehabilit humanmachin interfac,Energy_Systems
78,earli accur detect ovarian cancer remain signific challeng clinic practic studi propos hybrid machin learn model combin support vector machin svm knearest neighbor knn enhanc detect ovarian cancer integr biomark physiolog featur systemat evalu featur select techniqu includ recurs featur elimin rfe statist method identifi relev predictor studi use biomark eg ca physiolog data eg age bmi creat multimod dataset featur test individu combin assess impact model perform hybrid model integr predict svm knn use major vote leverag strength algorithm global local classif model evalu use variou metric includ accuraci precis recal fscore auc demonstr improv detect accuraci result show incorpor type featur significantli enhanc predict perform underscor potenti multimod data integr develop robust diagnost tool ovarian cancer,Energy_Systems
79,research background intern trade substanti constitu global region econom develop analysi mutual trade serv tool monetari express econom transact particular countri foreign partner specif period czech republ cr peopl republ china prc biggest export second biggest import usa howev impos number econom sanction prc signific impact trade countri overal growth chine economi yet affect behavior consum produc usa prc purpos articl aim paper use machin learn predict futur valu mutual trade cr prc one calendar year ie month method monthli data two state import export use predict bilater trade flow time seri begin januari end april thu time seri contain data line artifici intellig artifici neural network use predict bilater trade flow prc cr develop trade compar mutual sanction prc usa find valu ad expect mutual trade balanc neg perspect cr covid sanction impos intern trade significantli affect develop mutual trade cr prc,Energy_Systems
80,spatiotempor proteom intervertebr disc ivd underpin integr function present dipper deep comprehens ivd proteom resourc compris genomewid profil individu begin protein modul defin key direct trend span later anteroposterior axe deriv highresolut spatial proteom intact young cadaver lumbar ivd reveal novel regionspecif profil regulatori activ display potenti path deconstruct leveland locationmatch age cadaver disc machin learn method predict hydrat matrisom connect extracellular matrix mri intens importantli static proteom use pointrefer integr dynam proteom silacdegradom transcriptom data multipl clinic sampl enhanc robust clinic relev data find methodolog avail web interfac httpwwwsbmshkuhkdclab dipper valuabl refer field ivd biolog proteom analyt introduct intervertebr disc ivd human spine provid stabil mobil flexibl ivd degener idd common lumbar region saleem et al teraguchi et al associ declin function major caus back pain affect world popul point life rubin present signific socioeconom burden multipl interact factor genet influenc age mechan stress factor contribut pathobiolog onset sever progress idd munir et al ivd larg avascular extracellular matrix ecmrich structur compris three compart hydrat nucleu pulposu np centr surround tough annulu fibrosu af peripheri cartilagin endplat adjoin vertebr bodi humzah soam earli adolesc np popul vacuol notochordallik cell gradual replac small chondrocytelik cell risbud et al blood vessel termin tam chen et al elif e doi httpsdoiorgelif tool resourc,Energy_Systems
81,expect calibr error ece employ bin wide adopt evalu calibr perform machin learn model theoret understand estim bia limit paper present first comprehens analysi estim bia two common bin strategi uniform mass uniform width bin analysi establish upper bound bia achiev improv converg rate moreov bound reveal first time optim number bin minim estim bia extend bia analysi gener error analysi base informationtheoret approach deriv upper bound enabl numer evalu small ece unknown data experi use deep learn model show bound nonvacu thank informationtheoret gener analysi approach,Energy_Systems
82,abstract object studi aim develop valid machin learn ml model predict probabl vagin deliveri partomet use data iter obtain labor electron health record studi design retrospect cohort studi deliveri academ tertiari care hospit conduct least two cervic examin popul divid deliv physician nullipar term singleton vertex ntsv cesarean deliveri rate partomet cohort remaind control cohort cesarean rate among popul lower risk patient standard metric compar provid rate healthi peopl goal supervis autom ml approach appli gener model popul primari outcom accuraci model develop partomet cohort hour admiss labor deliveri secondari outcom includ discrimin abil receiv oper characteristicsarea curv rocauc precisionrecal auc calibr partomet assess generaliz compar perform clinic predictor identifi partomet control model result deliveri studi period exclus deliveri includ partomet cohort control cohort accuraci predict vagin deliveri hour partomet rocauc clinic predictor greatest import stack intrapartum partomet model includ admiss model predict ongo measur dilat station mirror found control popul conclus use autom ml intrapartum factor improv accuraci predict probabl vagin deliveri previous publish model base logist regress har realtim data ml could repres bridg gener truli prescript tool augment clinic decisionmak predict labor outcom reduc matern neonat morbid key point mlbase model yield accur predict mode deliveri earli labor predictor model creat popul high low cesarean rate mlbase model may provid meaning guidanc clinician manag labor,Energy_Systems
83,laser metal addit manufactur mam offer uniqu opportun produc complex part intern structur enabl tailor mechan function properti laser powder bed fusion lpbf wide use fabric intric geometri includ porou structur serv diver applic den compon poros typic minim enhanc mechan perform howev specif applic control poros benefici increas permeabl filtrat enhanc osteointegr biomed implant reduc strength mitig stress shield effect poros lpbf part introduc either design lattic pore structur processinduc poros latter control melt pool level particularli challeng predict due complex interact melt pool dynam surfac tension effect local instabl lead striation pore agglomer melt pool node accur predict result porou structur differ process condit crucial optim function perform lpbf compon studi present datadriven model approach rapid accur predict processinduc porou structur lpbf deep learn framework integr convolut neural network cnn multilay perceptron mlp develop predict structur featur base process paramet model train valid use ct scan slice data extract multipl region fabric sampl ensur comprehens represent pore structur streamlin data extract custom python script develop autom ct scan process enabl effici handl larg dataset maintain accuraci captur structur detail extract data convert structur grayscal imag enhanc predict accuraci conductionbas thermal model use ansi employ supplement dataset simul result physicsbas model provid insight heat distribut offer comprehens understand processinduc poros incorpor experiment ct data simul result hybrid approach creat robust dataset model interact govern poros format lpbf one key advantag abil overcom limit experiment data often constrain specif process condit integr simulationderiv data extend model applic across wider process space improv predict perform result demonstr highli accur comput effici framework map processstructur relationship lpbffabric ph stainless steel compon studi support optim process condit enabl improv control poros enhanc function perform addit manufactur porou structur propos aidriven model significantli reduc comput cost experiment effort provid scalabl approach process optim metal addit manufactur,Energy_Systems
84,natur product play signific role cancer chemotherapi like provid mani lead structur use templat construct novel drug enhanc antitumor activ tradit research approach studi structureact relationship natur product obtain key structur properti chemic bond group purpos ascertain effect singl cell line singl tissu type first time develop machin learn method comprehens predict natur product respons panel cancer cell line base gene express chemic properti natur product result two dataset train set independ test set show propos method yield significantli better predict accuraci addit also demonstr predict power propos method model cancer cell sensit two natur product curcumin resveratrol indic method effect predict respons cancer cell line two natur product taken togeth method facilit identif natur product cancer therapi develop precis medicin link featur patient genom natur product sensit,Energy_Systems
85,earli accur detect plant diseas essenti ensur food secur enhanc crop yield facilit precis agricultur manual method labourintens prone error especi vari environment condit artifici intellig ai particularli machin learn ml deep learn dl advanc autom diseas identif imag classif howev challeng persist includ limit generalis small imbalanc dataset poor realworld perform unlik previou review paper critic evalu model perform lab realtim field condit emphasis robust generalis suitabl edg deploy introduc recent architectur greenvit hybrid vitcnn model yolobas singl twostag detector compar accuraci infer speed hardwar effici review discus multimod selfsupervis learn techniqu enhanc detect complex environ highlight key limit includ relianc handcraft featur overfit sensit environment nois strength weak model across diver dataset analys focu realtim agricultur applic paper conclud identifi research gap outlin futur direct includ develop lightweight architectur integr deep convolut gener adversari network dcgan improv dataset diver realworld deploy precis agricultur,Energy_Systems
86,evid paradigm shift steganalysi techniqu discoveri deep learn network steganalysi classif task done machin learn classifi ensembl prolifer deep learn convolut neural network mani area perform steganalysi techniqu jump anoth high applic convolut neural network tradit steganalysi techniqu consist two import step ie featur extract classif deep learn network learn featur automat elimin need extract handcraft featur featur cnn highli success imag recognit imag classif techniqu addit featur extract classif combin togeth deep learn henc classif would effect learn featur realli import classif steganalysi task detect subtl weak nois creat hidden data steganographi techniqu design deep cnn architectur custom steganalysi task base exist residu neural network frame introduc descriptor captur inter pixel depend act indic weightag particular featur map thu classifi give weightag effect featur map instead treat featur map equal also use gate mechan use sigmoid function nonlinear activ function sandwich two fulli connect layer enhanc exist deep residu neural network given better result term error detect rate compar deep learn base steganalysi techniqu,Energy_Systems
87,paper introduc shapebas inflow scenario reduct framework appli longterm hydrotherm schedul schedul problem involv strateg manag limit store hydro energi coordin electr system scenario fan problem select longterm hydrotherm schedul approach effect repres individu hydropow plant shortterm flexibl within longterm schedul process make wellsuit captur disaggreg physic characterist hydro station howev comput burden scenario fan problem increas due complex cascad system larg number inflow scenario tackl challeng machin learn cluster method develop extract shapebas featur captur energi shape attribut hydro inflow compar analysi conduct evalu effect propos method compar four establish cluster method evalu carri hydrotherm test case util insampl outofsampl data analysi find demonstr propos framework outperform method term comput time optim reservoir trajectori consid kmean use euclidean distanc benchmark addit studi showcas feasibl perform longterm hydrotherm schedul granular level detail topolog inform shorter time scale expand approach open new possibl address integr renew energi resourc within realm longterm hydrotherm schedul,Energy_Systems
88,tourism core sector singapor economi contribut significantli gross domest product gdp employ accur tourism demand forecast essenti strateg plan resourc alloc econom stabil particularli postcovid era studi develop sarimaxbas forecast model predict monthli visitor arriv singapor integr web search data googl trend extern factor enhanc model accuraci systemat select process appli identifi effect subset extern variabl result empir experi demonstr propos sarimax model outperform tradit univari model includ sarima holtwint prophet well machin learningbas approach long shortterm memori lstm recurr neural network rnn forecast month period propos model achiev lowest mean absolut percentag error mape,Energy_Systems
89,medic devic softwar network join internet medic thing iomt enhanc healthcar servic pose threat iomt devic vulner cyberattack affect patient data well oper healthcar organ requir enhanc effect intrus detect system id paper introduc novel approach detect cyberattack iomt environ use deep learn model name pyramid attent network green anaconda algorithm panetgao approach three step follow minmax scaler normal process data multipl discret orthonorm stransform mdost extract critic temporalfrequ featur pyramid attent network green anaconda algorithm panetgao accur cyberattack detect mdost extract dynam inform network traffic data timefrequ domain featur space panet model optim gao minim featur redund improv classif accuraci propos model test use wustlehm dataset mimic reallif iomt traffic differ cyberattack propos panetgao model precis accuraci fscore better tradit machin learn algorithm therefor work establish propos panetgao approach effect protect iomt environ emerg cyber threat realtim,Energy_Systems
90,plant diseas critic factor affect agricultur product tradit manual recognit method face signific drawback includ low accuraci high cost ineffici deep learn techniqu demonstr signific benefit identifi plant diseas still face challeng infer delay high energi consumpt deep learn algorithm difficult run resourcelimit embed devic offload model cloud server confront restrict commun bandwidth factor influenc infer effici propos collabor infer framework recogn plant diseas edg devic cloud server enhanc infer speed dnn model plant diseas recognit prune deep reinforc learn improv infer speed reduc energi consumpt optim split point determin greedi strategi achiev best collabor infer acceler final system collabor infer acceler plant diseas recognit implement use gradio facilit friendli humanmachin interact experi indic propos collabor infer framework significantli increas infer speed maintain accept recognit accuraci offer novel solut rapidli diagnos prevent plant diseas,Energy_Systems
91,feder learn fl machin learn paradigm multipl client train local machin learn model collabor without share privat data one main challeng fl statist heterogen data distribut across client person fl pfl mitig statist heterogen collabor model train across homogen client paper propos novel person feder learn domainawar network prune regrowth call feddnpr accur compar exist pfl method maintain high effici achiev introduc regular term captur heterogen weight iter network prune order reduc network share among unrel client iter network regrow weight relat client increas network share among relat client feddnpr model cluster perform consid similar gradient updat last layer network cosin similar measur achiev accuraci effici model person extens experiment evalu show feddnpr significantli outperform stateoftheart pfl approach maintain compar effici,Energy_Systems
92,due extens spread fake news social news medium becam emerg research topic day gain attent news medium social medium inform spread highspe without accuraci henc detect mechan abl predict news fast enough tackl dissemin fake news potenti neg impact individu societi therefor detect fake news social medium import also technic challeng problem day knew machin learn help build artifici intellig system base tacit knowledg help u solv complex problem due real word data side knew knowledg engin help repres expert knowledg peopl awar knowledg due propos integr machin learn knowledg engin help detect fake news paper present fake news import fake news overal impact fake news differ area differ way detect fake news social medium exist detect algorithm help u overcom issu similar applic area end propos combin data driven engin knowledg combat fake news studi compar three differ modul text classifi stanc detect applic fact check exist techniqu help detect fake news furthermor investig impact fake news societi experiment evalu public avail dataset propos fake news detect combin serv better detect fake news,Energy_Systems
93,wildfir caus fault electr power line remain signific threat live infrastructur economi ecosystem transmiss line fail contact veget electr arc easili ignit fire spread rapidli dri windi condit paper review stateoftheart technolog wildfir prevent energi transmiss system present initi framework leverag comput vision automat detect power line defect potenti ignit sourc proof concept rulebas fallingwir detect pipelin implement use comput vision method canni edg detect hough transform result demonstr feasibl identifi hazard condit visual analysi build foundat futur work incorpor advanc machin learn deep learn model achiev robust scalabl adapt inspect system proactiv wildfir prevent,Energy_Systems
94,object gait postur symptomssuch gait impair postur instabl postur deformationsar common parkinson diseas pd close link fall tradit assess use clinic scale timeconsum prone subject bia studi aim predict sever gait postur symptom use data collect wearabl sensor singl laboratorybas walk assess provid object effici autom evalu approach method sensorbas gait paramet collect pd particip mean age year standard walk assess dataset randomli split train set independ test set balanc age sex pd durat two machin learn modelsextrem gradient boost xgboost support vector machin svmwere train predict score five gait postur item mdsupdr iii result xgboost chosen final model due better perform svm across five gait postur item model achiev accept accuraci item absolut accuraci surpass macrof score leaveoneout crossvalid loocv model perform independ test set match loocv result confirm robust total gait featur select predict model item respect among key featur signific clinic relev identifi exampl effect trial durat r p posit correl shanksw rommean max r p neg correl score item addit turnstep mean r p posit correl score item find align known clinic manifest reinforc clinic relev identifi gait featur conclus studi demonstr feasibl use wearabl sensor data object assess gait postur symptom pd though conduct clinic set approach may support clinician consist assess frequent monitor potenti futur homebas use enabl longitudin symptom track,Energy_Systems
95,articl devot develop artifici intelligencedriven system heart diseas diagnosi base machin learn algorithm demonstr machin learn might use predict possibl individu come heart diseas aibas model develop use python languag propos paper research healthcar sector credibl assist monitor set variou health monitor applic level present process data involv manipul categor data well transform categor column outlin major stage applic develop collect databas logist regress analysi attribut dataset random forest classifi algorithm creat detect heart diseas accur manner applic requir data analysi quit import organ precis level train set thereaft address random forest classifi algorithm experi find give improv accuraci research diagnos conclud purpos limit research contribut paper keyword artifici intellig machin learn logist regress random forest neural network svm data preprocess predict model,Energy_Systems
96,one import topic field wireless sensor network develop approach improv network lifetim paper energyeffici control rout protocol wireless sensor network present algorithm base reinforc learn energi manag network protocol seek optim rout polici maxim longterm reward receiv node use reinforc learn machin learn approach order improv lifetim wireless sensor network three energi manag approach propos first approach navig correctli use reinforc learn reduc length rout improv energi consumpt second approach exploit sleep schedul techniqu improv node energi consumpt last approach use restrict data transmiss node base receiv data chang rate simul result show term network lifespan propos method significantli outperform previou report method,Energy_Systems
97,background hepatocellular carcinoma hcc preval heterogen tumor limit treatment option unfavor prognosi crucial role disintegrin metalloproteas adam gene famili tumor microenviron hcc remain unclear method studi employ novel multiom integr strategi investig potenti role adam famili signal hcc seri singlecel spatial omic algorithm util uncov molecular characterist adam famili gene within hcc gsva packag util comput score adam famili signal subsequ stratifi three categori high medium low adam signal level unsupervis cluster furthermor develop rigor valid innov robust clinic prognosi assess model employ mainstream machin learn algorithm conjunct coexpress featur spectrum adam famili gene valid find conduct pcr ihc experi confirm differenti express pattern within adam famili gene result gene signal adam famili notabl abund endotheli cell liver cell monocyt macrophag singlecel sequenc spatial transcriptom analys reveal molecular heterogen adam gene famili emphas signific impact develop progress hcc hcc tissu express level adam adam adam adam markedli elev elev adam famili signal score link advers clinic outcom disrupt immun microenviron metabol reprogram adam prognosi signal develop util machin learn algorithm could accur forecast surviv durat hcc achiev auc valu approxim conclus studi repres inaugur report deleteri impact prognost signific adam famili signal within tumor microenviron hcc,Energy_Systems
98,consid challeng popul age substanti health problem among elderli popul fall purpos studi verifi whether possibl distinguish accur older faller nonfal base data wearabl inerti sensor collect special design test batteri comprehens practic test batteri use wearabl inerti sensor multifactori fall risk assess design follow experiment studi communitydwel korean older woman categor faller n nonfal n base prior histori fall six machin learn model logist regress naïv bay decis tree random forest boost tree support vector machin propos faller classif result indic compar nonfal faller perform significantli wors test batteri addit applic sensor data support vector machin faller classif achiev overal accuraci sensit specif find suggest wearabl inerti sensor base system show promis elderli fall risk assess could implement clinic practic identifi atrisk individu reliabl promot proactiv fall prevent,Energy_Systems
99,although accelerometri data wide util estim physic activ sedentari behavior among child age year older toddler age year accelerometri data record behavior far less examin particular toddler uniqu behavior ride stroller carri adult yet examin object studi describ accelerometri signal output record particip nine type behavior ie run walk climb updown crawl ride rideon toy stand sit ride strollerwagon carri adult among toddler twentyfour toddler age month girl perform variou prescrib behavior free play commerci indoor playroom wear actigraph wgtxbt acceleromet hip wrist particip perform videorecord base video data acceleromet data annot behavior label examin accelerometri signal output perform nine type behavior acceleromet data collect behavior assess particip use analysi hip vertic axi count walk low median count significantli lower record toddler carri adult median count p stand sit ride stroller low hip vertic axi count regist median count although wrist vertic axi vector magnitud count carri higher walk higher cutpoint sedentari behavior use variou accelerometri signal featur machin learn techniqu show accuraci differenti carri behavior ambulatori movement run walk crawl climb conclus hip vertic axi count alon may unabl captur walk physic activ carri sedentari behavior among toddler machin learn techniqu util addit accelerometri signal featur could help recogn behavior type especi differenti carri ambulatori movement,Machine_Learning
100,emerg foundat machin learn interatom potenti fmlip model train extens dataset transfer data differ ml architectur becom increasingli import work examin extent train data optimis one machinelearn forcefield algorithm may reus train differ model aim acceler fmlip finetun reduc need costli iter train test case train model organ liquid mixtur commonli use solvent recharg batteri electrolyt make import target reactiv mlip develop assess model perform analys properti molecular dynam trajectori show stringent test compar predict error fix dataset consid sever type train data sever popular mlip notabl recent mace architectur messagepass neural network design high effici smooth demonstr simpl train set construct without ab initio dynam suffici produc stabl model molecular liquid simpl neuralnetwork architectur iter train requir captur thermodynam kinet properti correctli mace perform well extrem limit datset find configur design human intuit correct systemat model defici transfer effect algorithm activelearn data gener one mlip typic benefit differ algorithm final show train data improv model perform also improv abil generalis similar unseen molecul suggest trajectori failur mode connect chemic structur rather entir systemspecif,Energy_Systems
101,one signific graph data analysi task graph classif graph complex data structur use illustr relationship entiti pair graph essenti mani domain descript chemic molecul biolog network social relationship etc realworld graph complic larg result need find way repres encod graph structur easili util machin learn model therefor graph embed consid one power solut graph represent inspir docvec model natur languag process nlp paper first investig differ way subgraph embed repres graph subgraph fixedlength featur vector use input classifi thu two supervis classifiersa deep neural network dnn convolut neural network cnnare propos enhanc graph classif experiment result five benchmark dataset indic propos model obtain competit result superior tradit classif method deeplearningbas approach three five benchmark dataset impress accuraci rate nci dataset,Machine_Learning
102,digit technolog evolv highest speed world ever seen thu creat age artifici intellig ai machin learn cloud internet thing iot virtual extend augment realiti name advanc digit technolog transform busi enterpris organ via process known digit transform also caus field project manag inevit transform digit transform becom critic part modern project manag classic tradit project manag techniqu serv busi enterpris organ long time advanc digit technolog reimagin phase process classic project manag rang product lifecycl project propos schedul resourc manag transform leadership project manag project team transform integr digit technolog tool project also redefin project manag project team manag collabor achiev organiz goal paper studi concept digit transform integr classic project manag cours undergradu,Energy_Systems
103,recent year ecommerc product becom increasingli diver lead consum make inform purchas decis base previou custom experi one primari sourc insight custom review onlin platform howev manual analyz review timeconsum laborintens address challeng sentiment analysi techniqu appli automat analyz review written custom purchas use product review typic classifi posit neg neutral sentiment help consum make better choic sever studi investig problem use varieti natur languag process nlp machin learn deep learn techniqu automat analyz custom review howev studi often reli generalpurpos dataset tradit model fall short captur contextu inform user sentiment especi domainspecif scenario address gap paper present comprehens analysi sever machin learn deep learn model includ larg languag model llm appli amazon alexa review dataset specif evalu perform artifici neural network ann long shortterm memori network lstm llm gener pretrain transform gpt bidirect encod represent transform bert model compar base precis recal f score accuraci among bert achiev best perform accuraci loss,Energy_Systems
104,current technolog era artifici intellig becom increasingli popular machin learn branch ai take charg everi field healthcar stock market autom robot imag process current scenario machin learn andor deep learn becom popular medic scienc diseas predict much research underway form diseas predict model machin learn ensur perform accuraci machin learn model import keep basic thing mind train machin learn model sever issu must rectifi durat train model learn model work effici model select paramet tune dataset split crossvalid biasvari tradeoff overfit underfit overfit two main issu affect machin learn model research paper mainli focus minim andor prevent problem overfit underfit machin learn model,Energy_Systems
105,background health monitor shift toward continu ambulatori clinic compar wearabl devic telemedicin remot diagnosi could har capabl mobil cardiac health inform technolog biophys signal monitor improv significantli object purpos review articl systemat assess viabil ambulatori electrocardiographi ecg provid system level understand broad spectrum wearabl heart signal monitor approach identifi area improv exist technolog need attain clinic grade diagnosi result base includ literatur identifi develop ecg monitor wearabl devic reach feasibl capabl deliv diagnost prognost inform reliabl sen major bottleneck entir process ambulatori monitor strong need artifici intellig machin learn techniqu par infer biosign aspect wearer comfort larg ignor prevail develop becom key factor consum accept conclus cardiac health inform crucial diagnosi prevent sever diseas onset mobil continu monitor aid avoid risk involv acut symptom health inform obtain continu monitor serv bigdata heart signal facilit new treatment method devi effect health polici,Energy_Systems
106,humanai collabor becom new paradigm modern form abstract art product redefinit concept creativ authorship aesthet choic paper explor computerassist human aibas collabor system human artist creat abstract art artifici intellig system propos solut base cocreat concept human intuit emot intent gener combin comput explor find pattern gener abil ai compar fulli autom gener art pure humandriven abstract studi compil experi aigener art system humanintheloop creativ system machinelearninggener abstract art creat conceptu implement framework collabor creativ methodolog base experiment design three creativ condit includ humanonli creation aionli gener humanai collabor sever gener model diffusionbas transformerinspir use interact interfac enabl use human guidanc iter manner constraint set feedbackbas refin quantit evalu metric includ composit complex color varieti new score novelti aesthet integr score support qualit one artist intent express depth find show collabor artwork alway success humanonli aionli work noveltycoher balanc conceptu diver fashion varieti,Energy_Systems
107,sourc number estim sne crucial challeng array signal process serv foundat variou applic includ directionofarriv doa estim underwat acoust environ tradit method reli inform theoret criterion itc akaik inform criterion aic minimum descript length mdl often face signific perform declin advers condit low signaltonois ratio snr limit number snapshot complex nois characterist machin learn approach explor perform inconsist still limit research advanc neural network architectur address challeng develop classif network architectur integr selfattent mechan residu connect refer residu attent classif network racnet network util eigenvalu signal covari matrix input featur estim number sourc simul result diver rang dataset condit demonstr propos network architectur achiev superior accuraci compar aic mdl method particularli low snr environ db furthermor model exhibit stabil effici process signal limit number data sampl studi underscor potenti util advanc deep learn architectur confront sourc number estim problem challeng underwat acoust environ provid robust autom effect solut tradit method,Energy_Systems
108,recent advanc artifici intellig ai led develop innov person intellig assist googl home siri despit technolog stride integr establish design framework user experi ux principl usercentr ai applic remain insuffici explor studi util design think methodologyemphas empathi ideat prototyp testingand exist ux law develop timesync aibas smart time manag applic univers student thailand timesync employ machin learn model custom schedul alarm incorpor variabl prepar time weather traffic condit ensur user arriv time usabl test base specif user satisfact usabl metric reveal timesync offer intuit interfac enhanc user experi promot consist util effect time manag find demonstr signific potenti design think ux principl craft usercentr ai applic provid valuabl insight robust framework futur ai develop,Energy_Systems
109,although phase separ ubiquit phenomenon interact multipl compon make difficult accur model predict recent year machin learn wide use physic simul present physic informationenhanc graph neural network pienet simul predict evolut phase separ accuraci model predict particl posit improv compar cnn svm respect moreov design order paramet base local densiti measur evolut phase separ analyz systemat chang differ repuls coeffici differ schmidt number result demonstr model achiev longterm accur predict order paramet without requir complex handcraft featur result prove graph neural network becom new tool method predict structur properti complex physic system,Energy_Systems
110,biomimet affer nervou system an signific transport extern stimulus intellig robot howev still far bionic due tradit multisensor singlecognit strategi herein flexibl biomimet an multimod fuzzi percept brainlik cognit develop fuse ion migrationmodul mxene synaps machin learn ml first elementari perceptu abil mimic biolog neuroreceptor demonstr motion artifact ionic conduct elastom ice current elimin furthermor multimod percept brainlik cognit accomplish synapt current sc nine ml algorithm final cognit materi gestur motion conduct distribut an devic across bodi joint optim ml method accuraci reach respect synapsebas an may provid new idea develop nextgener neuromorph intellig robot,Energy_Systems
111,abstract long noncod rna lncrna play essenti role nearli everi biolog process diseas mani algorithm develop distinguish lncrna mrna transcriptom data facilit discoveri lncrna howev tini fraction lncrna transcript valid lowthroughput experi evlncrna given cost laborintens natur experiment valid necessari develop comput tool priorit potenti function lncrna mani lncrna highthroughput sequenc htlncrna could result transcript nois employ deep learn algorithm separ evlncrna htlncrna mrna overcom challeng small dataset employ threelay deeplearn neural network dnn kmer featur input small convolut neural network cnn onehot encod input three separ model train human h mous plant p respect final concaten model evlncrnadpr h evlncrnadpr evlncrnadpr p provid substanti improv previou model base supportvectormachin evlncrnapr exampl evlncrnadpr h achiev area receiveroper characterist curv compar given sequencebas evlncrnapr model model develop use screen lncrna transcript experiment valid evlncrnadpr avail web server httpswwwsdklabbiophysicsdzunetevlncrnadpredindexhtml data sourc code freeli avail along web server,Energy_Systems
112,classif manufactur process process pas inlin test process fail inlin test challeng research problem manufactur process data character mani featur correspond differ step manufactur process research articl propos method manufactur process classif perform use support vector machin svm algorithm regular paramet valu gamma coeffici valu svm algorithm optim use hors optim algorithm hoa hoa base svm result compar particl swarm optim pso base svm result chicken swarm optim cso base svm result data use experi open sourc public dataset secom,General_Research
113,arteri hypotens common often unintend event surgeri gener anesthesia associ increas postop complic kidney injuri myocardi injuri stroke postinduct hypotens pih influenc patientspecif factor chronic medic use anesthet induct regimen tradit predict model struggl complex make machin learn ml promis altern due abil handl complex dataset identifi hidden pattern studi aim develop valid mlbase model predict pih identifi key clinic predictor retrospect cohort studi adult patient undergo nonobstetr surgeri gener anesthesia intraven induct conduct primari outcom occurr pih defin mean arteri pressur map mmhg within min postinduct data split train valid set use kfold crossvalid model predict perform evalu use area receiv oper characterist curv auc featur import assess use shapley addit explan shap valu pih occur patient key predictor includ preinduct systol mean arteri pressur propofol dose betablock use ml model achiev auc predict pih mlbase model demonstr signific predict capabl pih identifi key clinic predictor model hold potenti improv preoper plan patient risk stratif howev valid prospect studi necessari confirm find,Energy_Systems
114,code smell repres critic design anomali significantli impact softwar maintain qualiti paper present comprehens framework use graph convolut network gcn integr tradit machin learn techniqu systemat evalu graph construct approach model integr methodolog data balanc strategi use nine realworld python repositori label pyexamin methodolog combin bert embed graph structur represent implement layer integr method featur concaten method ii result show perlin graph construct outperform global approach smote achiev accuraci compar imbalanc data includ nonsmelli code improv perform demonstr import neg exampl ablat studi show explicit featur engin achiev accuraci compar endtoend learn integr gcn transform use method ii achiev accuraci fscore nearli match codet accuraci fscore provid better interpret,Energy_Systems
115,massiv volum data routin handl medic industri result impact larg amount data handl use tradit approach medic research machin learn algorithm particularli use obtain inform relat diseas predict earli predict diseas essenti improv lifestyl patient prevent worsen condit examin patient medic specialist earli diseas detect essenti varieti diseas identifi use machin learn algorithm ensembl classifi techniqu cluster model classif model use predict machin learn techniqu result highaccuraci quick ill predict studi examin mani sort diseas might predict use machin learn techniqu studi highlight exist research work mostli explor predict lung problem brainrel diseas heart diseas deploy convent model machin learn deep learn problem overfit hyperparamet initi unbalanc class major issu affect perform predict model,Energy_Systems
116,ignor everyth known code best way write program competit program problem repres challeng task even skill programm given short natur languag descript algorithm problem contest must quickli write program solv task page issu li et al present alphacod system repres substanti step forward develop machin learn ml model synthes comput program solv type challeng problem perhap surpris system alphacod alphacod contain explicit builtin knowledg structur comput code instead alphacod reli pure datadriven approach write code learn structur comput program simpli observ lot exist code,Energy_Systems
117,analysi extract use inform legal judgment use comput linguist one earliest problem pose domain inform retriev present sever commerci vendor exist autom task howev crucial bottleneck aris form exorbit price lack resourc avail analysi judgement mete hong kong legal system paper attempt bridg gap provid sever statist machin learn deep learn zeroshot learn base method effect analyz legal judgment hong kong court system method propos consist citat network graph gener pagerank algorithm keyword analysi summar sentiment polar paragrah classif order abl extract key insight individu well group judgment togeth would make overal analysi judgment hong kong less tediou autom order extract insight quickli use fast inferenc also provid analysi result benchmark result use larg languag model make robust use huggingfac ecosystem,Energy_Systems
118,abstract reveal highfidel new phase select rule high entropi alloy hea combin calphad calcul machin learn ml method employ thermocalc tchea databas first gener equilibrium phase data quinari famili form element al co cr cu fe mn ni ti choos initi materialsphys descriptor extrem gradient boost xgboost method use identifi import descriptor best delin singl mix phase complex temperaturecomposit space hea ml model train featur valid anneal experiment data point public use predict new singlephas alloy bcc fcc structur alloy famili alcrnifemn alcrconifeti also highlight import equilibrium temperatur offer indepth insight paradigm compositionfeaturephas hea basi import featur establish new phase select rule singl fcc bcc phase success rate significantli outperform exist phase select rule provid power tool map singlephas complex temperaturecomposit space hea,Energy_Systems
119,visionbas vibrat measur technolog receiv extens attent due advantag noncontact high spatial resolut noload effect howev complex measur object measur task exist visual measur technolog gradual show greater limit specif due uncertainti actual work condit pixel field view measur vibrat therefor select measur point need reli prior structur inform artifici experi frequent manual point select test bring lot resourc consumpt greatli reduc autom degre visual vibrat measur paper focus intellig area local method vibrat measur rotat machin vision design deep learningbas vibrat measur area local framework directli feedback reliabl measur pixel imag data call vmal framework firstli subpixel physic featur inform associ vibrat data analyz unsupervis imag decomposit network regular region local network use cluster output reliabl region pixel experiment result medium singlespan rotor platform verifi effect propos method,Energy_Systems
120,extract style handwrit challeng problem sinc style well defin key compon develop system person experi human paper propos baselin benchmark order set anchor estim rel qualiti differ handwrit style method done use deep learn techniqu shown remark result differ machin learn task learn classif regress relev work gener tempor sequenc discus challeng associ evalu method relat evalu gener model gener propos evalu metric find relev problem discus evalu perform metric studi use ironoff dataset best knowledg exist benchmark evalu metric task exit yet dataset use context handwrit synthesi,Energy_Systems
121,work document properti number isom molecular formula chno stabl acetamid oxazetidin includ even higher energi speci larg dipolar natur two isom detect emiss interstellar medium ism possibl candid identifi likelihood detect consid gener hardli compound discus exist chemic literatur work repres import contribut extend canon chemic bond contribut machin learn provid exact test ai applic presenc ism acetamid chconh subject current debat clear obviou path format shown htransfer ezethanimid acid chcohnh feasibl spite energi barrier kj mol specul imid acid form abund precursor ho chcn acidinduc water addit autocatalyt reaction wateric grain hccnhccnh hohccohnhhccohnh ho,Energy_Systems
122,melanoma seriou type skin cancer form cell melanocyt produc melanin pigment give color skin lowincom region lack special dermatologist caus skin cancer diagnos advanc stage peru high andean commun low resourc problem aggrav high incid ultraviolet radiat lack medic resourc make diagnosi normal mole imag obtain dermatoscop present work seek use mole imag obtain smartphon make classif suspect suspect melanoma mean featur extract algorithm first step make color light correct imag segment use kmean algorithm obtain area mole skin segment mole proceed extract main visual characterist use classif algorithm support vector machin svm random forest naiv bay obtain accuraci respect result show possibl use imag obtain smartphon develop classif algorithm accuraci detect melanoma skin mole,Energy_Systems
123,hightech manufactur industriesinclud semiconductor fabric automot assembl aerospac compon productionfac increas demand precis effici adapt tradit process optim method design experi doe six sigma measur system analysi msa long provid structur framework improv qualiti consist howev statist approach often limit static natur relianc fix experiment model fall short rapidli chang highli complex product environ research present comprehens datadriven framework integr classic statist techniqu modern artifici intellig ai methodolog enabl dynam continu process optim leverag ai algorithmssuch supervis machin learn model reinforc learn anomali detectionalongsid doe six sigma msa manufactur achiev realtim adapt enhanc process control predict accuraci integr allow synergist approach ai model train use data gener tradit experiment design refin continu feedback manufactur execut system ioten devic effect propos framework demonstr three case studi semiconductor etch optim use aiaugment doe torqu correct automot assembl line use six sigma machin learn defect reduct aerospac fabric predict mainten enhanc msa protocol across applic hybrid approach led substanti improv key perform indicatorsyield increas defect reduct much cycl time decreas find confirm ai replac tradit statist method rather enhanc util ad flexibl speed abil model complex nonlinear relationship manufactur becom digit datarich integr ai establish process improv framework essenti maintain global competit oper resili product excel paper conclud recommend futur research explain ai crossdisciplinari train standard integr protocol industri deploy,Energy_Systems
124,train robot modelfre deep reinforc learn drl carri robot manipul task without suffici success experi challeng hindsight experi replay introduc enabl drl agent learn failur experi howev heren modelfre drl still suffer limit train perform due uniform sampl strategi scarciti reward inform task environ inspir progress incent mechan human psycholog propos progress intrins motivationbas pher work overcom difficulti first trajectori progressbas priorit experi replay tpper modul develop priorit sampl valuabl trajectori data therebi achiev effici train second progress intrins reward pir modul introduc agent train add extra intrins reward encourag agent throughout explor task space experi challeng robot manipul task demonstr pher method outperform origin stateoftheart herbas method train perform code pher experiment video virtual real environ avail httpsgithubcomweixiangsmartph note practitionersthi work motiv develop fast effect learn method intellig robot manipul typic industri task includ push pick place workpiec essenti fundament process plan activ accomplish robot machin assembl applic toward smart manufactur introduct reinforc learn enabl robot learn manipul task autonom save effort engin teach hard program robot also reduc labor cost howev exist herbas reinforc learn algorithm low train effici perform due uniform sampl scant task reward inspir human learn work introduc progress incent mechan identifi valuabl trajectori data effect train addit novel reward method appli addit intrins reward agent learn valuabl trajectori space result fast robust learn set import weight paramet reward method given paper provid practic refer appli propos algorithm averag success rate two actual manipul task simul real robot manipul environ respect demonstr method effect environ averag gap success rate drop simul scenario real one due inher mismatch simul realiti high success rate demonstr real workpiecessort task exemplifi potenti train polici applic industri scenario,Energy_Systems
125,highdimension analog circuit size machin learningbas surrog model suffer high sampl cost evalu expens blackbox object function huge design space work address sampl effici challeng elabor reduc dimension input space enabl effici optim autom analog circuit size propos latent space optim method includ iter updat gener model base variat autoencod emb solut manifold analog circuit lowdimension continu space latent variabl optim use bayesian optim effect propos method verifi two realworld analog circuit design variabl comparison bo origin highd space latent lowd space assist embed strategi propos method achiev improv optim perform within runtim limit also conduct technolog migrat experi use pretrain variat autoencod model demonstr necess pretrain scalabl propos method,Energy_Systems
126,articl aim offer novel answer follow question firm use artifici intellig ai technolog creat captur valu specif predict machin learn articl analys ten paper author theme valu creation ai paper includ conceptu research empir case casebas theori build exploratori case explor manag ai capabl busi model use varieti methodolog includ systemat review statist regress qualit compar analysi qca enhanc theoret practic insight aris research articl add regulatori dimens analysi discus european union eu artifici intellig act result show ai creat perceiv user valu enabl realiz data network effect appli within firm busi model architectur ai activ one four avail busi model theme novelti effici complementar lockin account valu creation captur studi contribut understand firm use new technolog creat valu find suggest integr ai busi model essenti deliv user valu foster data network effect manag play crucial role coordin ai deploy across busi activ find reveal firm must activ appropri busi model theme eg novelti effici lockin also ensur complianc evolv regulatori standard secur sustain competit advantag studi adopt multitheoret approach base busi model theori theori data network effect howev author studi consid use larg sampl test find differ context enhanc generaliz,Energy_Systems
127,rna sequenc becom standard techniqu high resolut genomewid monitor gene express often compris first step toward understand complex molecular mechan drive variou phenotyp span organ develop diseas genesi monitor progress advantag rna sequenc abil captur complex transcriptom event altern splice result altern isoform abund time advantag remain algorithm comput challeng especi emerg even higher resolut technolog singlecel rna sequenc although sever algorithm propos effect detect differenti isoform express rnaseq data wide accept golden standard establish fact compound signific differ output differ algorithm appli data addit mani propos algorithm remain scarc poorli maintain driven challeng develop novel integr approach effect combin wide use algorithm differenti transcript isoform analysi use stateoftheart machin learn techniqu demonstr usabl appli simul data base sever organ use sever perform metric conclud strategi outperform applic individu algorithm final approach implement r shini applic underli data analysi pipelin also avail docker contain,Energy_Systems
128,financi sector greatli impact monetari wellb consum trader financi institut current era artifici intellig redefin limit financi market base stateoftheart machin learn deep learn algorithm extens use techniqu financi instrument price predict market trend analysi establish invest opportun portfolio optim etc investor trader use machin learn deep learn model forecast financi instrument movement widespread adopt ai financ imper summar recent machin learn deep learn model motiv u present comprehens review practic applic machin learn financi industri articl examin algorithm supervis unsupervis machin learn algorithm ensembl algorithm time seri analysi algorithm deep learn algorithm stock price predict solv classif problem contribut review articl follow provid descript machin learn deep learn model use financi sector b provid gener framework stock price predict classif c implement ensembl modelrandom forest xgboost lstmfor forecast tainiwalchm agropho stock price perform compar analysi popular machin learn deep learn model,Energy_Systems
129,accur hand gestur predict crucial effect upperlimb prosthet limb control high flexibl multipl degre freedom exhibit human hand grow interest integr deep network highdens surfac electromyographi hdsemg grid enhanc gestur recognit capabl howev mani exist method fall short fulli exploit specif spatial topolog tempor depend present hdsemg data addit studi often limit number gestur lack gener henc studi introduc novel gestur recognit method name stgcngr leverag spatiotempor graph convolut network hdsemgbas humanmachin interfac firstli construct muscl network base function connect channel creat graph represent hdsemg record subsequ tempor convolut modul appli captur tempor depend hdsemg seri spatial graph convolut modul employ effect learn intrins spatial topolog inform among distinct hdsemg channel evalu propos model public hdsemg dataset compris substanti number gestur ie result demonstr remark capabl stgcngr method achiev impress accuraci predict gestur surpass stateoftheart deep learn method appli dataset,Energy_Systems
130,scene text detect task detect text real imag hot research topic machin vision commun current research base anchor box method complex model design timeconsum train paper propos new fulli convolut onestag object detect fcosbas text detect method robustli detect multiori multilingu text natur scene imag per pixel predict approach propos text detector employ anchorfre approach unlik stateoftheart text detector reli predefin anchor box order enhanc featur represent abil fco text detect task appli bidirect featur pyramid network bifpn backbon network enhanc model learn capac increas recept field demonstr superior perform method multiori icdar icdar mlt horizont icdar text detect benchmark task moreov method fmeasur benchmark dataset icdar icdar respect icdar mlt dataset,Machine_Learning
131,research explor integr softwaredefin network genabl vehicular ad hoc network gvanet focu implement packag filter model goal enhanc network within dynam environ leverag sdn central control capabl studi aim optim network perform enhanc secur improv qualiti servic gvanet outcom research potenti contribut significantli advanc intellig transport system vehicular commun network vanet milieu oper dynam major issu afford high reliabl low latenc high bandwidth g significantli provid seamless connect ultrafast speed vehicletoinfrastructur vi vehicletovehicl vv commun advanc internet vehicl brought secur issu illeg devic access data inject maninthemiddl attack avoid issu work implement packag filter model pfm train use machin learn readi use realtim detect filter fraudul transact base frequenc behaviour characterist commun simul result ensur propos mechan afford enhanc packet deliveri lower transmiss delay minimum fraud packag bare minimum block process time compar exist stateoftheart mechan,Energy_Systems
132,studi design system review metaanalysi also provid retrospect cohort valid studi object use metaanalysi determin pool discriminatori abil skelet oncolog research group sorg classic algorithm ca machin learn algorithm mla test hypothesi sorgca less variabl perform sorgmla nonamerican valid cohort sorgca incorpor regionalspecif variabl bodi mass index input method data extract includ studi logittransform appli extract auc analysi discriminatori abil algorithm directli compar logit auc subgroup analysi region america v nonamerica also conduct compar correspond logit auc result pool logit auc day sorgca confid interv ci year sorgca ci day sorgmla ci year sorgmla ci algorithm perform better unit state taiwan p perform sorgca less influenc nonamerican cohort sorgmla conclus observ might highlight import incorpor regionspecif variabl exist model make generaliz racial geograph distinct region,Energy_Systems
133,studi conduct comprehens analysi gender inequ sri lanka focus relationship key socioeconom factor gender inequ index gii appli machin learn techniqu includ decis tree ensembl method studi investig influenc econom indic gdp per caput govern expenditur govern revenu unemploy rate gender dispar analysi reveal higher gdp govern revenu associ reduc gender inequ greater unemploy rate exacerb dispar explain ai techniqu shap highlight critic role govern polici econom develop shape gender equal find offer specif insight policymak design target intervent aim reduc gender gap sri lanka particularli priorit econom growth inclus public spend,Energy_Systems
134,aim investig cuproptosisrel molecular immun infiltr agerel macular degener amd develop establish predict model method express profil cuproptosisrel gene immun signatur amd base microarray dataset gse analyz total amd sampl use identifi cuproptosisrel differenti express gene cudeg togeth immun cell infiltr refin list potenti gene amd diagnosi three machin learn techniqu use extern dataset appli confirm accuraci predict perform revers transcript polymeras chain reaction rtpcr also perform examin level mrna hub gene activ immun respons cudeg assess amd control result six gene includ atpa dbt vegfa ube cp slca screen cuproptosissignatur amd via three machin learn method next slca vegfa select hub gene perform evalu extern dataset gse analysi show slca vegfa associ pathway relat immun signal immun function observ relat infiltr immun cell final mrna express level slca vegfa significantli higher laser induc choroid neovascular cnv group control group detect rtpcr conclus studi possibl relationship cuproptosi amd expound systemat predict model develop assess risk cuproptosisrel gene clinic prognost valu amd patient,Energy_Systems
135,healthcar autom evolv rapidli seen recent popular ehealth digit health system massiv amount health relat data produc system given rise field health informat world health organ decompos smarthealth standardsbas machineread adapt requirementsbas testabl provid guidelin digit health heterogen big health data health flow cloud requir consider uniform structur allow interoper generaliz univers use analysi research propos deeplearn architectur diseas diagnosi consid diabet mellitu dm case studi three corpus contain dm patient data consid prepar process use extens data wareh techniqu label icdcm diagnost code extract desir health data unifi data model healthcar complianc hl fhir v schema contribut twofold first three big data cloud analyt model propos valid unifi corpus second maximum possibl diseas specif singl multipl dm patient diagnos accuraci use deep multinomialmultilabel distribut learn dmdl,Energy_Systems
136,cognit radio cr technolog enabl effici exploit radio spectrum util exist unus frequenc spectrum sen import process cr allow user detect unus commun channel paper propos enhanc deep learn dl classif approach spectrum sen approach introduc linear support vector machin svm classif layer detectnet base dl techniqu simul result propos approach provid better perform term detect low signaltonois ratio snr compar detectnet techniqu,Machine_Learning
137,studi introduc cti corridor tree inspect innov softwar solut autom detect hazard tree electr corridor use lidar data tailor challeng cameroon den forest environ integr droneacquir lidar point cloud artifici intellig techniqu includ dbscan cluster veget segment softwar enabl precis identif tree pose risk power line develop c helixtoolkit visual prototyp process dataset million point achiev mean f score process time second per km test km pilot corridor detect tree classifi highrisk demonstr detect precis system gener action pdf report geospati metric facilit proactiv mainten util like eneo limit includ sensit den foliag lack speci classif research advanc veget manag tropic set offer scalabl costeffect tool infrastructur resili futur enhanc could incorpor machin learn adapt segment multitempor monitor keyword lidar drone artifici intellig veget manag electr corridor tree detect cameroon receiv date august accept date septemb publish date octob avail onlin httpswwwijsrisjournalcomindexphpojsfilesarticleview,Energy_Systems
138,knearest neighbor algorithm supervis machin learn algorithm use classif problem execut time algorithm could extrem high especi huge highdimension dataset object work design implement effici parallel hardwar architectur acceler knn classifi propos architectur implement use fpga intel devcloud experiment result show propos hardwar implement algorithm time faster softwar implement classif accuraci benchmark classif dataset,Energy_Systems
139,tahu berformalin adalah salah satu jeni makanan yang sere mengandung bahanbahan kimia yang dapat mengawetkan daripada tahu tanpa formalin pada tahu berformalin dapat memberikan tekstur lebih kenyal dan berwarna putih bersih penelitian ini bertujuan untuk mengklasifikasikan tahu berformalin dan tahu tidak berformalin pada paper ini menggunakan algoritma stochast gradient descent atau dalam penerapannya lebih diken dengan sgd classifi yang merupakan bagian dari algoritma machin learn untuk klasifikasi regresi maupun jaringan syaraf tiruan serta algoritma ini sangat efisien pada dataset berskala besar penelitian ini mencoba menerapkan algoritma sgd pada dataset tahu berformalin dengan jumlah dataset yakni yang dimana data tahu berformalin dan data tahu tidak berformalin setelah dilakukan beberapa tahapan dalam pengujian dengan algoritma sgd maka diperolah hasil akurasi presisi recal fscore pada model yang masingmas untuk akurasi untuk presisi untuk recal untuk fscore dan dilakukan pengujian menggunakan data yang tidak termasuk dalam data latih memperoleh performansi ratarata akurasi sebesar presisi recal dan fscore,Machine_Learning
140,poststrok injuri limit daili activ patient caus consider inconveni therefor predict activ daili live adl result patient stroke hospit discharg assist clinic worker formul person effect strategi therapeut intervent prepar hospit discharg plan suit patient need studi use leaveoneout crossvalid procedur evalu perform machin learn model addit test method use identifi optim weak learner combin form stack model subsequ hyperparamet optim algorithm use optim model hyperparamet final optim algorithm use analyz featur featur high import identifi limit number featur includ machin learn model variou featur fed learn model predict barthel index bi discharg result indic random forest rf adapt boost adaboost multilay perceptron mlp produc suitabl result critic predict factor studi bi admiss machin learn model use assist clinic worker predict adl patient stroke hospit discharg,Energy_Systems
141,abstract artifici intellig ai sped creation intellig convers system chatbot total chang peopl interact comput investig look aipow chatbot develop design use varieti sector custom servic healthcar educ ecommerc highlight natur languag process nlp machin learn ml deep learn techniqu combin assist chatbot understand interpret effect respond consum request research examin typic framework platform chatbot develop addit languag comprehens emot intellig privaci user engag challeng furthermor effect adapt chatbot significantli increas due recent advanc gener ai model gpt bert final section paper examin futur research direct emphas ai chatbot potenti creat convers agent humanlik contextu awar emot intellig creation intellig chatbot comprehend react natur languag artifici intellig ai complet chang humancomput interact design deploy aibas chatbot mimic human speech order deliv prompt precis contextawar respons main emphasi studi chatbot interpret user inquiri extract pertin data provid insight respons real time util natur languag process nlp machin learn ml techniqu solut improv user engag convers accuraci incorpor deep learn model entiti recognit intent detect addit chatbot design includ modul respons gener dialogu manag data prepar guarante depend flexibl across rang disciplin especi healthcar applic,Energy_Systems
142,digit medium identifi comput propaganda provid pathway propaganda expand reach without limit stateback propaganda aim shape audienc cognit toward entiti favor certain polit parti author furthermor becom part modern inform warfar use order gain advantag oppon current studi focu use machin learn quantit qualit method distinguish certain piec inform social medium propaganda mainli conduct english content littl research address chine mandarin content propaganda detect want go one step provid finegrain inform propaganda techniqu appli research aim bridg inform gap provid multilabel propaganda techniqu dataset mandarin base stateback inform oper dataset provid twitter addit present dataset appli multilabel text classif use finetun bert potenti could help futur research detect stateback propaganda onlin especi crosslingu context cross platform ident consolid,Machine_Learning
143,devic identif fundament issu internet thing studi modern literatur indic machin learn approach could use devic identif howev hypothesi devic behavior could character machin learn techniqu devic identif thoroughli investig therefor conduct comprehens studi examin hypothesi creat trust untrust environ experiment test scenario contain four test case includ intranetwork network perimet cryptojack do six supervis machin learn classifi select evalu among six classifi adaboost classifi featur achiev test accuraci chosen test case evalu result show adaboost classifi promis trust environ howev accuraci adaboost classifi drop dramat less cryptojack do case result support hypothesi challeng face machin learningassist approach devic identif could complement safeguard whitelist intrus detect prevent system paper discus futur work includ use featur physic layer examin hypothesi,Energy_Systems
144,background societi burden strokeassoci pneumonia sap intracerebr haemorrhag ich cerebr small vessel diseas csvd complic clinic manifest stroke studi redefin csvd burden score incorpor novel radiologicalclin predict model sap materi method total patient admit tertiari hospit januari decemb includ particip divid train test group use fivefold crossvalid method four model two tradit statist model logist regress isan two machin learn model random forest support vector machin establish evalu outcom baselin characterist compar sap nonsap group result among patient develop sap first ich multivari analysi reveal logist regress lr model superior predict sap train test group independ predictor sap ich includ total csvd burden score ci haematoma extens ventricl ci haematoma multilobar involv ci transpharyng intub oper ci admiss nihss score ci male sex ci age ci patient sap group wors outcom nonsap group conclus studi establish clinic combin imag model predict strokeassoci pneumonia demonstr superior perform compar exist isan model given poor outcom observ patient sap use individualis predict nomogram vital clinic practic,Energy_Systems
145,eegbas bci system make use wellstudi pattern brain activ howev system involv task indirectli map simpl binari command ye requir mani week biofeedback train hypothes signal process machin learn method use discrimin eeg direct yesno bci singl session blind sourc separ bs spectral transform eeg produc dimension featur space use modifi genet algorithm ga wrap around support vector machin svm classifi search space featur subset gaba search found featur subset outperform full featur set random featur subset also bs transform eeg outperform origin time seri particularli conjunct subset search space result suggest bs featur select use improv perform even direct singlesess bci,Energy_Systems
146,global popul depend agricultur consid agricultur activ primari sourc occup earn incom problem occur primari sector go affect livelihood live popul serious henceforth import keep balanc agricultur area prevent someth similar like advers effect plant diseas area artifici intellig taken interest turn present time growth neural network base intellig machin learn organ rous comput model far outshin present past type humanmad conscious like manner artifici intellig errand one amaz form artifici neural network engin cnn cnn basic util tackl troublesom picturedriven pattern recognit task exact yet straightforward construct provid untangl method start annsa new strategi identif diseas plant use cnn propos paper dataset util contain around imag includ train test dataset paper give short prologu cnn discus late express document newli frame strategi evolv brilliantli tremend pictur recognit model,Energy_Systems
147,paper util multiobject optim effici fabric novel carbon nanotub cnt base nanocomposit proxim sensor previous develop model util gener larg data set requir optim includ dimens film sensor appli excit frequenc medium permitt resist sensor dielectr maxim sensor sensit minim cost materi use decreas runtim origin model artifici neural network ann implement gener onethousand sampl data set creat train blackbox model model use fit function genet algorithm ga model dualobject optim also repres pareto frontier optimum solut scatter distribut parametr studi also perform discern effect variou devic paramet result provid wide rang geometr data lead maximum sensit minimum cost conduct nanoparticl innov contribut research combin ga ann result fast accur optim scheme,Energy_Systems
148,rapid develop artifici intellig ai machin learn ml past decad transform numer industri extens optim autom decisionmak manufactur medicin financ urban develop ai ml technolog prove capabl streamlin oper optim function effici reduc human intervent despit ubiqu ai ml field research achiev full potenti technolog especi realtim decisionmak interpret ethic still remain larg recent studi shown ai autom repetit task input data fraud detect custom servic play role complex decisionmak situat predict financ analyt person healthcar gap lie balanc aiautom function human input especi riski case involv medicin autonom vehicl moreov issu explain ai model limit largescal deploy sensit decisionmak area,Energy_Systems
149,key part cnc machin tool roll bear thu vital employ datadriven approach fault diagnosi paper propos twostag fusion spar learn algorithm fault data process identifi diagnos fault type roll bear base sensor measur data featur extract phase tempor featur sequenti data within big data extract use long short term memori lstm network moreov classif learn stage contain new spar learn algorithm appli l regular stochast configur network scn iter learn formula combin altern direct method multipli admm analysi quadrat equat theori simultan model inequ supervis mechan updat base converg analysi develop algorithm incorpor benefit lstm extract tempor data characterist along sparsiti ea converg lightweight natur scn consequ mitig shortcom deep model endtoend applic particularli term interpret structur redund thu make suitabl deploy edg devic final fusion spar learn model lstmlscn introduc base twostag learn algorithm roll bear fault diagnosi experi benchmark dataset optim sparsiti degre algorithm spar code network scn reach higher poolingbas spar code network pscn moreov experi base dataset case western reserv univers cwru optim test classif accuraci achiev optim sparsiti degre scn reach result verifi propos algorithm exhibit sparsiti demonstr effect capabl identifi fault roll bear,Energy_Systems
150,forecast crop yield one key challeng agricultur sector especi context chang climat unstabl weather condit kazakhstan possess signific territori suitabl grow grain crop face mani challeng relat effect manag agricultur activ regard yield forecast becom integr part plan decisionmak process agricultur inform analyt subsystem integr yield forecast method allow agribusi estim futur product accur minimis risk associ climat chang optimis resourc use import compon system consider weather condit weather factor direct impact crop growth develop purpos articl develop evalu modern method forecast grain yield take account influenc weather condit well integr informationanalyt subsystem improv accuraci agricultur forecast achiev goal articl address follow task analys exist method yield forecast identifi advantag disadvantag develop forecast model includ machin learn method gradient boust recurr neural network valid develop model basi histor data use crossvalid method evalu effect propos method compar basic model linear regress simpl averag evalu effect propos method compar basic model linear regress simpl averag articl review modern method forecast grain crop yield kazakhstan well technolog use informationanalyt subsystem particular attent paid analysi influenc meteorolog condit yield develop model take factor account present review research result aim improv exist approach manag agricultur process condit grow uncertainti caus climat chang articl explor import scientif task relat develop method stepbystep forecast agrometeorolog factor grain yield reli principl analog,Energy_Systems
